"conversation_id_str","created_at","favorite_count","full_text","id_str","image_url","in_reply_to_screen_name","lang","location","quote_count","reply_count","retweet_count","tweet_url","user_id_str","username"
"1937004229526532312","2025-06-23T23:56:01.000Z","0","@KangManto123 Sekuat dan sebesar apa kemampuan Danantara, pelan namun pasti akan habis modal yang tersedia.","1937298628785402132","","KangManto123","in","","0","0","0","https://x.com/YusufWi70781128/status/1937298628785402132","1452061770672066562","YusufWi70781128"
"1937295434931970351","2025-06-23T23:43:20.000Z","0","Danantara memainkan peran penting dalam memperkuat kerja sama pemodalan lintas negara, mencerminkan kemajuan signifikan dalam iklim investasi nasional. Komitmen ini memperkuat daya saing ekonomi Indonesia di kancah global.
#InvestasiNasional #DanantaraGlobal #EkonomiBerkelanjutan https://t.co/k3Hi22erxO","1937295440116089002","https://pbs.twimg.com/media/GuKn4o_agAAT7sU.jpg","banget_siska","in","","0","1","0","https://x.com/banget_siska/status/1937295440116089002","3893859256","banget_siska"
"1937293444805984619","2025-06-23T23:35:25.000Z","0","Prabowo pamer Danantara di Rusia, klaim aset Rp16.411 T!
⠀
🇮🇩 Indonesia-Rusia bentuk platform investasi baru
💸 Rp295 T siap digelontorkan ke sektor strategis
🌐 RI kini agresif 
⠀
 https://t.co/cUwIgcObjt
Baca selengkapnya
#ekonomi #investasi #Indonesia #Prabowo #Danantara https://t.co/o5Ynq5rrGt","1937293444805984619","https://pbs.twimg.com/media/GuKmCQWaAAAUaq9.jpg","","in","","0","0","0","https://x.com/BursaNusantara/status/1937293444805984619","1869760512575389697","BursaNusantara"
"1937211076996923499","2025-06-23T18:08:07.000Z","0","Dividen bertahap yang diterima danantara sudah sentuh 113 T
Sampai saat ini,dari dividen yang masuk bertahap diperkirakan akan menerima US$ 7 miliar.

Dengan modal mencapai US$ 7 miliar yang bersumber dari dividen itu,Danantara disebut mampu melakukan pengungkit (leverage) hingga https://t.co/45RfvjPJ4k","1937211076996923499","https://pbs.twimg.com/media/GuJbNMKagAE76Uh.jpg","","in","","0","0","0","https://x.com/La_Manggilaa/status/1937211076996923499","1551983101567729664","La_Manggilaa"
"1937210064156459008","2025-06-23T18:04:05.000Z","0","Prabowo Perkenalkan Danantara. Mendapat Applause dari Putin dan Peserta Forum SPIEF 2025 di Rusia
https://t.co/L9qLjFNqJR","1937210064156459008","","","in","","0","0","0","https://x.com/MayorPurn/status/1937210064156459008","1335248993291407360","MayorPurn"
"1937202252198158777","2025-06-23T17:33:03.000Z","0","Danantara menjadi instrumen penting dalam rangka menuju Indonesia Emas 2045 dan menjadi kekuatan ekonomi global dunia.

#Danantara
#PeranDanantara
#KedaulatanBangsa
#DanantaraMasaDepanIndonesia
#BreakingNews https://t.co/360mcnakde","1937202254597312657","https://pbs.twimg.com/media/GuJTHgVaEAAP54z.jpg","Arfi_Vhi","in","","0","1","0","https://x.com/Arfi_Vhi/status/1937202254597312657","1429605420","Arfi_Vhi"
"1937198910071800146","2025-06-23T17:19:46.000Z","0","Danantara memperkuat kedaulatan ekonomi nasional dengan mengelola aset strategis secara profesional menuju Indonesia Emas 2045.
#Danantara #PeranDanantara #KedaulatanBangsa #DanantaraMasaDepanIndonesia #BreakingNews https://t.co/M8C7ua3bzo","1937198910071800146","https://pbs.twimg.com/media/GuJQJGBbgAAABgU.jpg","","in","","0","0","0","https://x.com/Tivannni/status/1937198910071800146","1686276192352272384","Tivannni"
"1937198890320822442","2025-06-23T17:19:41.000Z","0","Instrumen strategis untuk mewujudkan kemandirian ekonomi. Danantara hadir sebagai penggerak menuju kekuatan ekonomi global.
#Danantara #PeranDanantara #KedaulatanBangsa #DanantaraMasaDepanIndonesia #BreakingNews https://t.co/3vVdXdbzVZ","1937198890320822442","https://pbs.twimg.com/media/GuJQHkwbwAAH9S0.jpg","","in","","0","0","0","https://x.com/Tivannni/status/1937198890320822442","1686276192352272384","Tivannni"
"1937198869458346477","2025-06-23T17:19:36.000Z","0","Menuju Indonesia Emas 2045, Danantara memainkan peran vital dalam memperkuat struktur ekonomi dan kedaulatan nasional.
#Danantara #PeranDanantara #KedaulatanBangsa #DanantaraMasaDepanIndonesia #BreakingNews https://t.co/6yMnpO8oGn","1937198869458346477","https://pbs.twimg.com/media/GuJQGcnagAoK72v.jpg","","in","","0","0","0","https://x.com/Tivannni/status/1937198869458346477","1686276192352272384","Tivannni"
"1936955526421811388","2025-06-23T17:14:50.000Z","0","@SianiparPa48987 @xquitavee 1. Argumen @SianiparPa48987 lemah dan logikanya bolong. Kritik terhadap mantan pemimpin bukan soal “merubah masa lalu”, tapi mencegah kesalahan serupa di masa depan, apalagi kalau yang dikritik masih aktif sebagai penasihat negara seperti Jokowi di Danantara.","1937197671690948767","","Wirabuana_9","in","","0","2","0","https://x.com/RughRusia75831/status/1937197671690948767","1895795198938210304","RughRusia75831"
"1936955526421811388","2025-06-23T17:13:11.000Z","0","@ben_yelet @xquitavee Masih aktif, krn Jokowi duduk sebagai anggota Dewan Penasihat Danantara, lembaga sovereign wealth fund baru milik negara. masih pegang posisi formal dlm struktur lembaga negara.

Ternyata @ben_yelet bilang tolol pada dirinya sendiri. Menghina diri sendiri, bagus juga. Lanjutkan!","1937197256450670719","","ben_yelet","in","","0","1","0","https://x.com/RughRusia75831/status/1937197256450670719","1895795198938210304","RughRusia75831"
"1937132128040632827","2025-06-23T16:48:10.000Z","0","@DokterTifa BPI #DANANTARA ASLI
= Bank Pinaesaan Indo
DANA #NUSWANTARA
utk KEMASLAHATAN +62
= 2011 utk 2017

BPI DANATARA FAKE
= KAMUFLASE #MANIPULASI SWF
Akal2an KORUPTOR 𝙏𝘼𝙈𝘼𝙆 dgn
Bdn Pengelola Inv
Daya Anagata Nusantara
utk Kemaslahatan #KORUPTOR
PECINTA UANG

https://t.co/xOzzMF68dG","1937190959500132782","","DokterTifa","in","","0","0","0","https://x.com/grahesa0610/status/1937190959500132782","1500895721314156547","grahesa0610"
"1937179782837645404","2025-06-23T16:03:45.000Z","0","Antara Danantara dan Dilema Pengelolaan Kekayaan Negara https://t.co/h5AuuYfJzO","1937179782837645404","","","in","","0","0","0","https://x.com/mhmmdfst/status/1937179782837645404","173720671","mhmmdfst"
"1937177745500582326","2025-06-23T15:55:40.000Z","0","Perjalanan menuju Indonesia Emas butuh sinergi dan strategi. Danantara hadir untuk memastikan aset negara bekerja bagi kemajuan bangsa
#Danantara #PeranDanantara #KedaulatanBangsa #DanantaraMasaDepanIndonesia #BreakingNews https://t.co/zPtbrb9dvs","1937177745500582326","https://pbs.twimg.com/media/GuI84hoXAAA8Osm.jpg","","in","","0","0","0","https://x.com/sore2235/status/1937177745500582326","1564464145616973824","sore2235"
"1937177501283082582","2025-06-23T15:54:41.000Z","0","Danantara membuktikan bahwa pengelolaan kekayaan negara yang profesional bisa menjadi pilar kedaulatan dan kebangkitan ekonomi nasional
#Danantara #PeranDanantara #KedaulatanBangsa #DanantaraMasaDepanIndonesia #BreakingNews https://t.co/HU6vjmrNF4","1937177501283082582","https://pbs.twimg.com/media/GuI8qiSXQAAB0VY.jpg","","in","","0","0","0","https://x.com/sore2235/status/1937177501283082582","1564464145616973824","sore2235"
"1937177104120213745","2025-06-23T15:53:07.000Z","0","Bukan hanya pengelola aset, Danantara adalah bagian dari visi besar Indonesia menjadi kekuatan ekonomi dunia. Saatnya dukung peran penting ini
#Danantara #PeranDanantara #KedaulatanBangsa #DanantaraMasaDepanIndonesia #BreakingNews https://t.co/wuHWt2b5Zq","1937177104120213745","https://pbs.twimg.com/media/GuI8TXuXEAAMYnE.jpg","","in","","0","0","0","https://x.com/sore2235/status/1937177104120213745","1564464145616973824","sore2235"
"1937176900184715406","2025-06-23T15:52:18.000Z","0","Danantara hadir sebagai instrumen strategis dalam perjalanan menuju Indonesia Emas 2045. Dengan tata kelola aset negara yang unggul, Indonesia bersiap menjadi kekuatan ekonomi global
#Danantara #PeranDanantara #KedaulatanBangsa #DanantaraMasaDepanIndonesia #BreakingNews https://t.co/W1j90U8zHm","1937176900184715406","https://pbs.twimg.com/media/GuI8HfLWAAEFgMz.jpg","","in","","0","0","0","https://x.com/sore2235/status/1937176900184715406","1564464145616973824","sore2235"
"1937175622326894793","2025-06-23T15:47:14.000Z","0","Danantara menjadi instrumen penting dalam rangka menuju Indonesia Emas 2045 dan menjadi kekuatan ekonomi global dunia.
#Danantara
#PeranDanantara
#KedaulatanBangsa
#DanantaraMasaDepanIndonesia
#BreakingNews https://t.co/3nf0a5ktWc","1937175622326894793","https://pbs.twimg.com/media/GuI69i1XYAAA-_j.jpg","","in","","0","0","0","https://x.com/dinosartos/status/1937175622326894793","2506280550","dinosartos"
"1937175353409114164","2025-06-23T15:46:09.000Z","0","Danantara Mewujudkan Kedaulatan Ekonomi Bangsa. #Danantara
#PeranDanantara
#KedaulatanBangsa
#DanantaraMasaDepanIndonesia
#BreakingNews https://t.co/zvV23nnz1X","1937175353409114164","https://pbs.twimg.com/media/GuI6t8AXIAAaZdj.jpg","","in","","0","0","0","https://x.com/dinosartos/status/1937175353409114164","2506280550","dinosartos"
"1937158540428542184","2025-06-23T15:43:34.000Z","0","@pesolosep Mau nge jokes soal Danantara aja sih wkwkwkwk","1937174702062985567","","pesolosep","in","","0","0","0","https://x.com/angganion/status/1937174702062985567","1265445670539808769","angganion"
"1937157837324701724","2025-06-23T15:03:41.000Z","1","@Gieehad ngeri tembus ke bulan ini harga sahamnya, nilai investasinya 6-7 milyar USD atau sekitar 96-112 Triliun. belum lagi ada info smelter mau diakuisisi oleh MIND ID. kena ulti dari kombinasi Danantara &amp; CATL. proyek dragon dan titan ini bener2 ngeriiihh..","1937164664611508436","","Gieehad","in","","0","0","0","https://x.com/RezhaChaniago/status/1937164664611508436","182304960","RezhaChaniago"
"1937161863663673421","2025-06-23T14:52:33.000Z","0","eh si yoongi yoongi itu suruh jadi dewan pengarah danantara aja coba","1937161863663673421","","","in","","0","0","0","https://x.com/luvjekajeon/status/1937161863663673421","1117254336004755456","luvjekajeon"
"1937151997284905233","2025-06-23T14:13:21.000Z","0","Danantara Mewujudkan Kedaulatan Ekonomi Bangsa
#Danantara
#PeranDanantara
#KedaulatanBangsa
#DanantaraMasaDepanIndonesia
#BreakingNews https://t.co/Hy3McVznsm","1937151997284905233","https://pbs.twimg.com/media/GuIlecDXYAAyFUz.jpg","","in","","0","0","0","https://x.com/Purnama35460116/status/1937151997284905233","1413416083709599745","Purnama35460116"
"1937149711770890250","2025-06-23T14:04:16.000Z","0","Danantara jadi motor penguatan ekonomi Indonesia 
#Danantara
#PeranDanantara
#KedaulatanBangsa
#DanantaraMasaDepanIndonesia
#BreakingNews https://t.co/KW4TBeN7Qn","1937149711770890250","https://pbs.twimg.com/media/GuIjZT_XIAA-sFP.jpg","","in","","0","0","0","https://x.com/kabarterb4ru/status/1937149711770890250","1564476625118318592","kabarterb4ru"
"1937149584805159286","2025-06-23T14:03:46.000Z","0","Danantara Mewujudkan Kedaulatan Ekonomi Bangsa
#Danantara
#PeranDanantara
#KedaulatanBangsa
#DanantaraMasaDepanIndonesia
#BreakingNews https://t.co/DTzxC5Cflx","1937149584805159286","https://pbs.twimg.com/media/GuIjR9EWsAAv2Tx.jpg","","in","","0","0","0","https://x.com/jayak90837589/status/1937149584805159286","1564197227295547392","jayak90837589"
"1937144479561158970","2025-06-23T14:03:11.000Z","0","@GavinGrey04 Semangat pegawai Danantara!","1937149439849926894","","GavinGrey04","in","","0","0","0","https://x.com/_kjonn/status/1937149439849926894","963801431189864448","_kjonn"
"1937146031080390809","2025-06-23T13:49:38.000Z","0","Danantara Mewujudkan Kedaulatan Ekonomi Bangsa
#Danantara
#PeranDanantara
#KedaulatanBangsa
#DanantaraMasaDepanIndonesia
#BreakingNews https://t.co/ymvMfhDb1K","1937146031080390809","https://pbs.twimg.com/media/GuIgDDwXwAAThUQ.jpg","","in","","0","0","0","https://x.com/BukaMat4/status/1937146031080390809","1527143482837860354","BukaMat4"
"1937145995747545576","2025-06-23T13:49:30.000Z","0","Danantara Mewujudkan Kedaulatan Ekonomi Bangsa
#Danantara
#PeranDanantara
#KedaulatanBangsa
#DanantaraMasaDepanIndonesia
#BreakingNews https://t.co/1GznmTV6Ds","1937145995747545576","https://pbs.twimg.com/media/GuIgBDeW4AADG14.jpg","","in","","0","0","0","https://x.com/BukaMat4/status/1937145995747545576","1527143482837860354","BukaMat4"
"1937142470632259852","2025-06-23T13:35:30.000Z","0","Dukung Danantara Indonesia #Danantara https://t.co/n4fOry4utY","1937142470632259852","","","in","","0","0","0","https://x.com/ud24185000/status/1937142470632259852","1661896883483316225","ud24185000"
"1937142188586213877","2025-06-23T13:34:22.000Z","0","Dukung Danantara Indonesia #Danantara
 https://t.co/BlL1abOCxl","1937142188586213877","","","in","","0","0","0","https://x.com/ud24185000/status/1937142188586213877","1661896883483316225","ud24185000"
"1937141766379245711","2025-06-23T13:32:42.000Z","0","Peluncuran Danantara Menjadi Tumpuan Visi Ekonomi Presiden Prabowo Subianto. https://t.co/IyhiodLmCI","1937141766379245711","https://pbs.twimg.com/media/GuIcHolWYAM1cOk.jpg","","in","","0","0","0","https://x.com/nunutNgiyub/status/1937141766379245711","1447500779468718082","nunutNgiyub"
"1937132616731508929","2025-06-23T12:56:20.000Z","1","Dengan Danantara, kita dapat mencapai Indonesia Emas 2045 dan menjadi kekuatan ekonomi global. #Danantara #PeranDanantara #KedaulatanBangsa #DanantaraMasaDepanIndonesia #BreakingNews https://t.co/mB0eLMjyie","1937132616731508929","","","in","","0","0","0","https://x.com/PasukanSinga/status/1937132616731508929","2746809658","PasukanSinga"
"1937132591796347337","2025-06-23T12:56:14.000Z","1","Danantara menjadi instrumen penting dalam meningkatkan kedaulatan bangsa dan ekonomi Indonesia. #Danantara #PeranDanantara #KedaulatanBangsa #DanantaraMasaDepanIndonesia #BreakingNews https://t.co/mB0eLMjyie","1937132591796347337","","","in","","0","0","0","https://x.com/PasukanSinga/status/1937132591796347337","2746809658","PasukanSinga"
"1937132567897264481","2025-06-23T12:56:09.000Z","1","Indonesia dapat menjadi kekuatan ekonomi global dengan peran Danantara yang efektif. #Danantara #PeranDanantara #KedaulatanBangsa #DanantaraMasaDepanIndonesia #BreakingNews https://t.co/mB0eLMjyie","1937132567897264481","","","in","","0","0","0","https://x.com/PasukanSinga/status/1937132567897264481","2746809658","PasukanSinga"
"1937132542622408810","2025-06-23T12:56:03.000Z","1","Danantara berperan penting dalam membangun masa depan Indonesia yang lebih baik. #Danantara #PeranDanantara #KedaulatanBangsa #DanantaraMasaDepanIndonesia #BreakingNews https://t.co/z6XG3vzwXn","1937132542622408810","","","in","","0","0","0","https://x.com/PasukanSinga/status/1937132542622408810","2746809658","PasukanSinga"
"1937132518609912299","2025-06-23T12:55:57.000Z","1","Dengan Danantara, kita dapat meningkatkan ekonomi Indonesia dan mencapai Indonesia Emas 2045. #Danantara #PeranDanantara #KedaulatanBangsa #DanantaraMasaDepanIndonesia #BreakingNews https://t.co/z6XG3vzwXn","1937132518609912299","","","in","","0","0","0","https://x.com/PasukanSinga/status/1937132518609912299","2746809658","PasukanSinga"
"1937132491984580609","2025-06-23T12:55:50.000Z","1","Danantara menjadi kunci sukses Indonesia menjadi kekuatan ekonomi global. #Danantara #PeranDanantara #KedaulatanBangsa #DanantaraMasaDepanIndonesia #BreakingNews https://t.co/z6XG3vzwXn","1937132491984580609","","","in","","0","0","0","https://x.com/PasukanSinga/status/1937132491984580609","2746809658","PasukanSinga"
"1937132467506627068","2025-06-23T12:55:45.000Z","1","Indonesia Emas 2045 dapat tercapai dengan peran Danantara yang strategis. #Danantara #PeranDanantara #KedaulatanBangsa #DanantaraMasaDepanIndonesia #BreakingNews https://t.co/OOmeQuz3Gx","1937132467506627068","","","in","","0","0","0","https://x.com/PasukanSinga/status/1937132467506627068","2746809658","PasukanSinga"
"1937132444198830213","2025-06-23T12:55:39.000Z","1","Danantara berperan penting dalam meningkatkan kedaulatan bangsa dan ekonomi Indonesia. #Danantara #PeranDanantara #KedaulatanBangsa #DanantaraMasaDepanIndonesia #BreakingNews https://t.co/51t8iIinsI","1937132444198830213","","","in","","0","0","0","https://x.com/PasukanSinga/status/1937132444198830213","2746809658","PasukanSinga"
"1937132419662192961","2025-06-23T12:55:33.000Z","1","Dengan Danantara, Indonesia dapat menjadi kekuatan ekonomi global dunia. #Danantara #PeranDanantara #KedaulatanBangsa #DanantaraMasaDepanIndonesia #BreakingNews https://t.co/15pqMDtdy2","1937132419662192961","","","in","","0","0","0","https://x.com/PasukanSinga/status/1937132419662192961","2746809658","PasukanSinga"
"1937132394798272992","2025-06-23T12:55:27.000Z","1","Danantara menjadi instrumen penting dalam rangka menuju Indonesia Emas 2045. #Danantara #PeranDanantara #KedaulatanBangsa #DanantaraMasaDepanIndonesia #BreakingNews https://t.co/mB0eLMjyie","1937132394798272992","","","in","","0","0","0","https://x.com/PasukanSinga/status/1937132394798272992","2746809658","PasukanSinga"
"1937131244787011786","2025-06-23T12:50:53.000Z","0","Bagaimana menurut kalian?
#Danantara #PeranDanantara #KedaulatanBangsa #DanantaraMasaDepanIndonesia #BreakingNews https://t.co/0850vIvPG9","1937131244787011786","https://pbs.twimg.com/media/GuISmfwXQAABpoz.jpg","","in","","0","0","0","https://x.com/ekonomiplus62/status/1937131244787011786","1568258758094245888","ekonomiplus62"
"1937131145797546004","2025-06-23T12:50:44.000Z","1","Danantara Menjaga Kedaulatan Melalui Pengelolaan Aset Negara 
#Danantara
#PeranDanantara
#KedaulatanBangsa
#DanantaraMasaDepanIndonesia
#BreakingNews https://t.co/v5Nf6tClI7","1937131204911960563","https://pbs.twimg.com/media/GuISjZFWIAAnNg-.jpg","kecilamat12","in","","0","0","0","https://x.com/kecilamat12/status/1937131204911960563","1720963990455812096","kecilamat12"
"1937131145797546004","2025-06-23T12:50:38.000Z","1","Dukung Program Danantara 
#Danantara
#PeranDanantara
#KedaulatanBangsa
#DanantaraMasaDepanIndonesia
#BreakingNews https://t.co/DCBkINp6iB","1937131181096796333","https://pbs.twimg.com/media/GuISiCVXIAAxMT-.jpg","kecilamat12","in","","0","1","0","https://x.com/kecilamat12/status/1937131181096796333","1720963990455812096","kecilamat12"
"1937131145797546004","2025-06-23T12:50:32.000Z","1","Danantara Mesin Baru Ekonomi Bangsa
#Danantara
#PeranDanantara
#KedaulatanBangsa
#DanantaraMasaDepanIndonesia
#BreakingNews https://t.co/8rJP5gsu0q","1937131158309093729","https://pbs.twimg.com/media/GuIShU1XkAAmBfe.jpg","kecilamat12","in","","0","1","0","https://x.com/kecilamat12/status/1937131158309093729","1720963990455812096","kecilamat12"
"1937131145797546004","2025-06-23T12:50:29.000Z","1","Danantara Mewujudkan Kedaulatan Ekonomi Bangsa
#Danantara
#PeranDanantara
#KedaulatanBangsa
#DanantaraMasaDepanIndonesia
#BreakingNews https://t.co/U30UWlBFEM","1937131145797546004","https://pbs.twimg.com/media/GuISYkWWQAAt-UU.jpg","","in","","0","1","0","https://x.com/kecilamat12/status/1937131145797546004","1720963990455812096","kecilamat12"
"1937131097558515758","2025-06-23T12:50:18.000Z","0","Danantara: Jaga kedaulatan negara dengan kelola aset! Apa pendapatmu tentang ini? Bagikan di kolom komentar!
#Danantara #PeranDanantara #KedaulatanBangsa #DanantaraMasaDepanIndonesia #BreakingNews https://t.co/DPGAGyOU58","1937131097558515758","https://pbs.twimg.com/media/GuISd6HWcAAzsBE.jpg","","in","","0","0","0","https://x.com/ekonomiplus62/status/1937131097558515758","1568258758094245888","ekonomiplus62"
"1937130981850300670","2025-06-23T12:49:50.000Z","0","Danantara jadi motor penguat ekonomi RI tanpa bebankan APBN! 🚀 Gimana pendapatmu tentang inovasi ini? Yuk, diskusi di kolom komentar! 👇
#Danantara #PeranDanantara #KedaulatanBangsa #DanantaraMasaDepanIndonesia #BreakingNews https://t.co/YlqR0Nh70v","1937130981850300670","https://pbs.twimg.com/media/GuISXLYXAAATug6.jpg","","in","","0","0","0","https://x.com/ekonomiplus62/status/1937130981850300670","1568258758094245888","ekonomiplus62"
"1937047324792070531","2025-06-23T12:47:55.000Z","0","@konglomarket dan masuk ke komite manajemen resiko danantara","1937130497219735736","","konglomarket","in","","0","0","0","https://x.com/wWinecell/status/1937130497219735736","1689236571755843584","wWinecell"
"1937130399597297988","2025-06-23T12:47:32.000Z","4","Perusahaan Asuransi Plat Merah Belum Saatnya Untuk Di Kutak Katik Setelah Munculnya Kasus Jiwasraya &amp; ASABRI dan Dibentuknya  Holding ⁦@IFG_ID⁩ Yang  Tidak Pernah Menyelesaikan Masalah Pengembalian Uang Nasabahnya Sesuai Konstitusi. ⁦@prabowo⁩  https://t.co/jdRSUlng22","1937130399597297988","","","in","","0","0","1","https://x.com/machrilmachril1/status/1937130399597297988","1605727475694125058","machrilmachril1"
"1937128655517589876","2025-06-23T12:40:36.000Z","0","Danantara Mewujudkan Kedaulatan Ekonomi Bangsa

#Danantara
#PeranDanantara
#KedaulatanBangsa
#DanantaraMasaDepanIndonesia
#BreakingNews https://t.co/kk4Xk9L5Rd","1937128655517589876","https://pbs.twimg.com/media/GuIQPt4WIAAaY0e.jpg","","in","","0","0","0","https://x.com/AlanOnniu/status/1937128655517589876","1844360750170865665","AlanOnniu"
"1937040208152998293","2025-06-23T12:33:51.000Z","0","@opkasumsel disetor ke danantara🤮","1937126959169114287","","opkasumsel","in","","0","0","0","https://x.com/Lord_Pigai/status/1937126959169114287","1023546691834671104","Lord_Pigai"
"1937122695373791276","2025-06-23T12:16:55.000Z","0","Waspadalah ....... !!!!

Jangan Ada Yang Mau Jadi Pejabat Danantara, Kalian Akan Jadi Tumbal.

Pikir 1000 Kali Jika Ingin Jadi Pejabat Danantara.

https://t.co/tUdc1gmcQI","1937122695373791276","","","in","","0","0","0","https://x.com/rayhan_yuda_pra/status/1937122695373791276","1902978360","rayhan_yuda_pra"
"1937121373664801046","2025-06-23T12:11:40.000Z","0","CEO #Danantara, Rosan Roeslani menyatakan pihaknya telah menandatangani nota kesepahaman (MoU) dengan Russian Direct Investment Fund (RDIF) untuk membentuk dana investasi bersama senilai 2 miliar Euro atau setara Rp37,8 T.  #axialnews #news

Sumber :https://t.co/kWQSu0sNrB https://t.co/2HAFbKOG7g","1937121373664801046","https://pbs.twimg.com/ext_tw_video_thumb/1937121325815836672/pu/img/EIzWeFyTvBoeNho9.jpg","","in","","0","0","0","https://x.com/axialnewsid/status/1937121373664801046","722455504706871296","axialnewsid"
"1937118556472144224","2025-06-23T12:00:28.000Z","0","Danantara hadir sebagai motor penguat ekonomi Indonesia, mengelola aset negara dengan efisiensi tanpa membebani APBN, demi stabilitas fiskal yang lebih baik #Danantara https://t.co/cy0OmCgpvI","1937118556472144224","https://pbs.twimg.com/media/GuIHD8EXQAA3JFe.jpg","","in","","0","0","0","https://x.com/ravidnath/status/1937118556472144224","1366085646","ravidnath"
"1937107907906326528","2025-06-23T11:18:09.000Z","1","Danantara memperkuat pondasi ekonomi nasional. Visi 2045 bukan mimpi—ini misi nyata yang sedang dijalankan! #Danantara #PeranDanantara #KedaulatanBangsa #DanantaraMasaDepanIndonesia #BreakingNews https://t.co/lQlcbQYy6f","1937107907906326528","https://pbs.twimg.com/media/GuH9YCWXwAAE_jx.jpg","","in","","0","0","0","https://x.com/Nan4_ecia/status/1937107907906326528","1753991718452768769","Nan4_ecia"
"1937107869813690732","2025-06-23T11:18:00.000Z","1","Langkah strategis menuju Indonesia Emas 2045 tak lepas dari peran penting Danantara. Aset negara dikelola demi kedaulatan dan kekuatan ekonomi dunia! #Danantara #PeranDanantara #KedaulatanBangsa #DanantaraMasaDepanIndonesia #BreakingNews https://t.co/lkGHCrMhuv","1937107869813690732","https://pbs.twimg.com/media/GuH9V3KWQAAi6fo.jpg","","in","","0","0","0","https://x.com/Nan4_ecia/status/1937107869813690732","1753991718452768769","Nan4_ecia"
"1937107839459426753","2025-06-23T11:17:53.000Z","2","Dengan Danantara, Indonesia menata masa depan ekonomi yang kuat, berdaulat, dan siap bersaing di kancah global. #Danantara #PeranDanantara #KedaulatanBangsa #DanantaraMasaDepanIndonesia #BreakingNews https://t.co/DgGUDe42NR","1937107839459426753","https://pbs.twimg.com/media/GuH9UFfWwAA4_oq.jpg","","in","","1","0","0","https://x.com/Nan4_ecia/status/1937107839459426753","1753991718452768769","Nan4_ecia"
"1937107805351428567","2025-06-23T11:17:45.000Z","2","Danantara jadi tulang punggung menuju Indonesia Emas 2045. Pengelolaan aset strategis ini bantu Indonesia jadi kekuatan ekonomi global. #Danantara #PeranDanantara #KedaulatanBangsa #DanantaraMasaDepanIndonesia #BreakingNews https://t.co/zCZevZJrmd","1937107805351428567","https://pbs.twimg.com/media/GuH9SIqXgAAhpRH.jpg","","in","","1","0","0","https://x.com/Nan4_ecia/status/1937107805351428567","1753991718452768769","Nan4_ecia"
"1937105847076982787","2025-06-23T11:09:58.000Z","1","Danantara menjadi instrumen penting dalam rangka menuju Indonesia Emas 2045 dan menjadi kekuatan ekonomi global dunia.

#Danantara
#PeranDanantara
#KedaulatanBangsa
#DanantaraMasaDepanIndonesia
#BreakingNews https://t.co/OEzb6oiGCS","1937105847076982787","https://pbs.twimg.com/media/GuH7fxnW0AA214V.jpg","","in","","1","0","0","https://x.com/WujudDamai/status/1937105847076982787","1634415691926503424","WujudDamai"
"1937102571640152321","2025-06-23T10:56:57.000Z","6","Apa ini semua Garapan genk Oslo yak❓️

Dana haji,
Asuransi Jiwasraya, Bumiputera, ASABRI, Taspen, terus ke SDA sprti nikel dll🤔

Klo soal Danantara bijimane...apa mau di jarah jg❓️

Apa @DPR_RI ikut kbagian❓️","1937102571640152321","","","in","","0","1","3","https://x.com/FaisalBang4848/status/1937102571640152321","1864649207573004289","FaisalBang4848"
"1937097421601075345","2025-06-23T10:51:12.000Z","0","@popiforestian @ardi_tama1 Biaya admin masuk danantara scam","1937101123435033026","","popiforestian","in","","0","0","0","https://x.com/kearipan/status/1937101123435033026","73833162","kearipan"
"1937100534437261723","2025-06-23T10:48:51.000Z","5","Bener kan ini program asal muasalnya karena prabs kadung ngomong di kampanye dan terlanjur viral.

Program yg (semoga) bener2 direncanain mah danantara, kopdes merah putih, sekolah rakyat","1937100534437261723","","","in","","2","1","0","https://x.com/gongxifdl/status/1937100534437261723","1298483003962712064","gongxifdl"
"1937100126901965183","2025-06-23T10:47:14.000Z","0","Danantara lembaga pengelola investasi negara
""WELCOME AMBASSADOR JAEMIN
Pilih NONBLOK NKRI NYAMAN""
#GalaxyS25Edge https://t.co/JAz2HmWSBR","1937100126901965183","https://pbs.twimg.com/media/GuH2TLYXQAAxSSg.jpg","","in","","0","1","0","https://x.com/javupitbull/status/1937100126901965183","1262157433780137984","javupitbull"
"1937099814585749830","2025-06-23T10:46:00.000Z","0","Video Ara Apresiasi Danantara Support Rp 130 T untuk Program 3 Juta Rumah https://t.co/CXst0V66Gw","1937099814585749830","","","in","","0","0","0","https://x.com/20detik/status/1937099814585749830","598959076","20detik"
"1936976192961437758","2025-06-23T10:14:50.000Z","26","@ArtaN7707 Jurus Mulyono yg dipake di Danantara ga laku. Udah ketauan.dl modusnya","1937091972524892426","","ArtaN7707","in","","0","0","3","https://x.com/Ari3Ghozi/status/1937091972524892426","112049860","Ari3Ghozi"
"1936955526421811388","2025-06-23T10:01:51.000Z","0","@ben_yelet @RughRusia75831 @xquitavee Di danantara itu bukan termasuk aktif?","1937088705287651689","","ben_yelet","in","","0","1","0","https://x.com/WindTalkers99/status/1937088705287651689","193743233","WindTalkers99"
"1937072753309528385","2025-06-23T08:58:28.000Z","2","Danantara dikabarkan akan menjalin kerja sama dengan perusahaan asal China dan PT Sentul City Tbk (BKSL) dalam proyek pembangkit listrik tenaga surya (PLTS), setelah sebelumnya menyetujui investasi awal di pabrik milik PT TPIA.

Simak selengkapnya: https://t.co/h4PooFzUOP https://t.co/boxYQ2Sh2R","1937072753309528385","https://pbs.twimg.com/media/GuHdWYZWMAAGZ6V.jpg","","in","","0","0","3","https://x.com/BloombergTZ/status/1937072753309528385","1582972008479920129","BloombergTZ"
"1936955143813279786","2025-06-23T08:47:36.000Z","0","@sutanmangara Danantara dan menu MBG","1937070018896011490","","sutanmangara","in","","0","1","0","https://x.com/tujianto_80/status/1937070018896011490","2952145932","tujianto_80"
"1937068965198803352","2025-06-23T08:43:24.000Z","0","HATI HATI DANANTARA PROYEK SISTEMATIS MERAMPOK UANG NEGARA UANG RAKYAT 💰 👉 JOKOWI PRABOWO https://t.co/gKp7EuLA7m","1937068965198803352","","","in","","0","0","0","https://x.com/MukaniRudi8970/status/1937068965198803352","1904189155141419008","MukaniRudi8970"
"1937067784321839580","2025-06-23T08:38:43.000Z","0","Salam #Portizen!

Executive Director 4 Pelindo Regional 4, Abdul Azis, didampingi General Manager (GM) Pelindo Regional 4 Manado, Nurlayla Arbie, mengunjungi Pelabuhan Manado.

#PelindoRegional4
#BUMN
#BUMNuntukIndonesia
#Danantara
#IndonesiaMaritimeGateAway
#Manado
#PortVisit https://t.co/HfmW23pPV4","1937067784321839580","https://pbs.twimg.com/ext_tw_video_thumb/1937067698761998336/pu/img/M_9mkFnEVOEzfbk1.jpg","","in","","0","0","0","https://x.com/pelindo_reg4/status/1937067784321839580","1799008505703419904","pelindo_reg4"
"1937058142304817417","2025-06-23T08:00:42.000Z","0","danantara menjadikan ekonomi indonesia jadi lebih baik https://t.co/U5uYCAXUuV","1937058218326609999","https://pbs.twimg.com/media/GuHQLYCXkAANAJy.jpg","jobijo222","in","","0","0","0","https://x.com/jobijo222/status/1937058218326609999","1646397698856337417","jobijo222"
"1937058142304817417","2025-06-23T08:00:38.000Z","0","danantara menjadikan ekonomi indonesia jadi lebih baik https://t.co/cS7CLWmTDg","1937058200311955785","https://pbs.twimg.com/media/GuHQKRJW4AA-Uzv.jpg","jobijo222","in","","0","1","0","https://x.com/jobijo222/status/1937058200311955785","1646397698856337417","jobijo222"
"1937058142304817417","2025-06-23T08:00:33.000Z","0","danantara menjadikan ekonomi indonesia jadi lebih baik https://t.co/S0oEIl2hAH","1937058179533451598","https://pbs.twimg.com/media/GuHQJBiXIAAoPrO.jpg","jobijo222","in","","0","1","0","https://x.com/jobijo222/status/1937058179533451598","1646397698856337417","jobijo222"
"1937058142304817417","2025-06-23T08:00:28.000Z","0","danantara menjadikan ekonomi indonesia jadi lebih baik https://t.co/JcfxEkfivm","1937058159648239669","https://pbs.twimg.com/media/GuHQH5fWsAArjB7.jpg","jobijo222","in","","0","1","0","https://x.com/jobijo222/status/1937058159648239669","1646397698856337417","jobijo222"
"1937058142304817417","2025-06-23T08:00:24.000Z","0","danantara menjadikan ekonomi indonesia jadi lebih baik https://t.co/qZoIMBiVZM","1937058142304817417","https://pbs.twimg.com/media/GuHQHCUXcAE2Tfd.jpg","","in","","0","1","0","https://x.com/jobijo222/status/1937058142304817417","1646397698856337417","jobijo222"
"1937056433172078769","2025-06-23T07:57:45.000Z","0","danantara siap serok bawah for this one https://t.co/RgSiPjXqUj","1937057476819726458","https://pbs.twimg.com/media/GuHPgnnWcAAkHE7.jpg","SIBAYUMELTD0WN","in","","0","0","0","https://x.com/SIBAYUMELTD0WN/status/1937057476819726458","187492841","SIBAYUMELTD0WN"
"1937054266092351891","2025-06-23T07:45:00.000Z","0","COO Danantara, Dony Oskoria: Istri Direksi BUMN Haram Cawe-cawe Urusan Kantor!

https://t.co/P8vDyo91h0","1937054266092351891","","","in","","0","0","0","https://x.com/politiknesiacom/status/1937054266092351891","1953620240","politiknesiacom"
"1937053662045687960","2025-06-23T07:42:36.000Z","0","🧒🏻: paak, udah eeknya!! 
😌: tetep ajah masih kalah kelas kalo dibanding jan ethes, bapaknya wakil presiden, kakeknya mantan presiden, omnya gubernur, om yg satunya lg ketum partai,bahkan kini kakeknya jd penasihat danantara. 
🧒🏻: paaak, masih bau eek :(","1937053662045687960","","","in","","0","0","0","https://x.com/minha157/status/1937053662045687960","2399431956","minha157"
"1937048456516059168","2025-06-23T07:21:55.000Z","3","Danantara semakin melebarkan sayap demi investasi Indonesia. Hal ini dibuktikan dengan adanya kerja sama Indonesia - Rusia dengan nilai investasi sebesar Rp37,8 triliun.

#Danantara #IndonesiaRusia #KunjunganPrabowo #BPIDanantara https://t.co/h1Rm9997we","1937048456516059168","https://pbs.twimg.com/amplify_video_thumb/1937048323883507712/img/H75SvAW49lNVPDBD.jpg","","in","","0","3","3","https://x.com/1toedjoean/status/1937048456516059168","1218801815841468422","1toedjoean"
"1937048283891024251","2025-06-23T07:21:14.000Z","3","Danantara semakin melebarkan sayap demi investasi Indonesia. Hal ini dibuktikan dengan adanya kerja sama Indonesia - Rusia dengan nilai investasi sebesar Rp37,8 triliun.

#Danantara #IndonesiaRusia #KunjunganPrabowo #BPIDanantara https://t.co/12ZaZOjO2G","1937048283891024251","https://pbs.twimg.com/media/GuHHJHoXkAABZfg.jpg","","in","","0","3","3","https://x.com/1toedjoean/status/1937048283891024251","1218801815841468422","1toedjoean"
"1937048256443559956","2025-06-23T07:21:07.000Z","3","Danantara semakin melebarkan sayap demi investasi Indonesia. Hal ini dibuktikan dengan adanya kerja sama Indonesia - Rusia dengan nilai investasi sebesar Rp37,8 triliun.

#Danantara #IndonesiaRusia #KunjunganPrabowo #BPIDanantara https://t.co/ZyJ5QkjjX3","1937048256443559956","https://pbs.twimg.com/media/GuHHHdAXwAAIkSg.jpg","","in","","0","4","3","https://x.com/1toedjoean/status/1937048256443559956","1218801815841468422","1toedjoean"
"1937043598849257647","2025-06-23T07:02:37.000Z","0","Udah dapet danantara masih aje pelit lo @Persitajuara WKWKWK","1937043598849257647","","","in","","0","1","0","https://x.com/penjoool/status/1937043598849257647","164209600","penjoool"
"1937035869334143472","2025-06-23T06:31:54.000Z","0","Pak @prabowo COO danantara bilang kenapa banyak bumn pailit? Paling utama menurut saya (1) lepaskan dari keterikatan politik (2) profesionalisme ditingkatkan bukan nepotisme (3) jgn fokus kepada vanity metrics agar kementrian terlihat hebat.. cukup kembalikan kepada fungsi","1937035869334143472","","","in","","0","0","0","https://x.com/Roysimangunsong/status/1937035869334143472","1807399726826082304","Roysimangunsong"
"1937035391451939029","2025-06-23T06:30:00.000Z","1","CEO BPI Danantara Rosan P. Roeslani, merespons larangan para direktur BUMN bermain golf saat jam kerja dan pembatasan peran pasangan dalam urusan institusi. Menurut Rosan, hal tersebut bertujuan mendorong etos kerja dan profesionalisme pegawai Danantara. Rosan menilai, arahan https://t.co/3YHRokuhnY","1937035391451939029","https://pbs.twimg.com/amplify_video_thumb/1937028440152006656/img/1qkWj91zVvW_-Il2.jpg","","in","","0","0","0","https://x.com/Metro_TV/status/1937035391451939029","57261519","Metro_TV"
"1936650393355968530","2025-06-23T05:54:58.000Z","3","@FDonghun Menteri gemuk,
MBG proyeknya direbutin,
Fufufafa,
Pemakzulan gibran,
Matahari kembar,
Danantara,
Anggaran dipngkas ada pula diistimewakan,
Penguatan TNI, UU tersembunyi,
Menteri blunder,
Cari koruptor ilang, dramanya... 
Gelap karna stngh thn kerjanya urus dapur istana gak kelar","1937026573666005145","","FDonghun","in","","0","2","0","https://x.com/ealmited/status/1937026573666005145","1096450039","ealmited"
"1937026292639293476","2025-06-23T05:53:51.000Z","0","CEO Danantara Rosan Roeslani Pastikan Investasi Strategis akan Hadirkan Lapangan Kerja Baru https://t.co/9AwPoZpJfd https://t.co/1Ys86iTaEg","1937026292639293476","https://pbs.twimg.com/media/GuGzB-WWMAABe5a.png","","in","","0","0","0","https://x.com/KoranBUMN/status/1937026292639293476","811897280563290112","KoranBUMN"
"1937019139438112992","2025-06-23T05:25:25.000Z","0","Kelola 889 Perusahaan BUMN, Danantara Ingin jadi Sovereign Fund Bertaraf Dunia https://t.co/eikNjElMbb","1937019139438112992","","","in","","0","0","0","https://x.com/MediaVoi/status/1937019139438112992","1578222594","MediaVoi"
"1937018716786676223","2025-06-23T05:23:44.000Z","0","COO Danantara Dony Oskaria Ungkap Modus Direksi BUMN Memperoleh Bonus Tinggi https://t.co/JZBIIathXF @Danantara_ri @KemenBUMN @KemenkeuRI https://t.co/OMRrcDDnn2","1937018716786676223","https://pbs.twimg.com/media/GuGsFgdXMAA_Qe8.png","","in","","0","0","0","https://x.com/KoranBUMN/status/1937018716786676223","811897280563290112","KoranBUMN"
"1937016197201215984","2025-06-23T05:13:44.000Z","0","Apa bisa tercapai dengan adanya danantara dan koperasi merah putih di setiap desa, sepertinya mustahil bisa tercapai 7%.","1937016197201215984","","","in","","0","0","0","https://x.com/azwar6102/status/1937016197201215984","1456628197081038848","azwar6102"
"1937014358292488358","2025-06-23T05:06:30.000Z","0","Beberapa hari yang lalu ada berita mengenai kerja sama antara Danantara dan Russian Direct Investment Fund (RDIF). Mereka mencapai kesepakatan untuk mendirikan dana investasi bersamaa dengan nilai mencapai €2 miliar (sekitar Rp37,8 triliun).","1937014376827142192","","MaybankTradeID","in","","0","1","0","https://x.com/MaybankTradeID/status/1937014376827142192","102275341","MaybankTradeID"
"1937012744852500934","2025-06-23T05:00:00.000Z","0","DPR Apresiasi Dukungan Danantara Rp130 Triliun untuk Program 3 Juta Rumah

Anggota Komisi V DPR RI, Mori Hanafi, menyambut baik langkah Badan Pengelola Investasi Daya Anagata Nusantara (BPI Danantara) yang akan mendukung pembiayaan senilai Rp130 triliun untuk Program Tiga Juta https://t.co/eqadJybmUc","1937012744852500934","https://pbs.twimg.com/media/GuGLwYuXcAEgz9X.png","","in","","0","0","0","https://x.com/akuratco/status/1937012744852500934","786549338818224128","akuratco"
"1937009164506759280","2025-06-23T04:45:47.000Z","0","Penguatan Ekonomi Nasional Melalui Danantara Indonesia https://t.co/deoZAde9vs","1937009164506759280","https://pbs.twimg.com/media/GuGjkbPbYAASXW1.jpg","","in","","0","0","0","https://x.com/Monalisa131813/status/1937009164506759280","1549653544927887360","Monalisa131813"
"1937009125948608573","2025-06-23T04:45:38.000Z","0","Mendukung Program Danantara https://t.co/YZ6JQKiLaB","1937009125948608573","https://pbs.twimg.com/media/GuGjiNvWYAAeNVN.jpg","","in","","0","0","0","https://x.com/Monalisa131813/status/1937009125948608573","1549653544927887360","Monalisa131813"
"1937009086991892916","2025-06-23T04:45:28.000Z","0","Danantara Jadi Magnet Investasi Strategis Berbasis Tata Kota Transparan dan Akuntabel https://t.co/dd8583kGvz","1937009086991892916","https://pbs.twimg.com/media/GuGjf9dbwAAYDr3.jpg","","in","","0","0","0","https://x.com/Monalisa131813/status/1937009086991892916","1549653544927887360","Monalisa131813"
"1937009052573413397","2025-06-23T04:45:20.000Z","0","Danantara Perkuat Pengelolaan Aset Negara https://t.co/xuiN7lhOgu","1937009052573413397","https://pbs.twimg.com/media/GuGjd05aIAAO9mb.jpg","","in","","0","0","0","https://x.com/Monalisa131813/status/1937009052573413397","1549653544927887360","Monalisa131813"
"1937008706258174016","2025-06-23T04:43:58.000Z","0","Penguatan Ekonomi Nasional Melalui Danantara Indonesia https://t.co/K8XQBrocNe","1937008706258174016","https://pbs.twimg.com/media/GuGjJxDWcAAtZtH.jpg","","in","","0","0","0","https://x.com/allegory1318/status/1937008706258174016","1549650487573524481","allegory1318"
"1937008346017812944","2025-06-23T04:42:32.000Z","0","Mendukung Program Danantara https://t.co/UABQZN4wYD","1937008346017812944","https://pbs.twimg.com/media/GuGi01FbYAATest.jpg","","in","","0","0","0","https://x.com/allegory1318/status/1937008346017812944","1549650487573524481","allegory1318"
"1937008208935301182","2025-06-23T04:41:59.000Z","0","Danantara Jadi Magnet Investasi Strategis Berbasis Tata Kota Transparan dan Akuntabel https://t.co/jhWp7oRWSQ","1937008208935301182","https://pbs.twimg.com/media/GuGis1lXwAAm1Ti.jpg","","in","","0","0","0","https://x.com/allegory1318/status/1937008208935301182","1549650487573524481","allegory1318"
"1937007800070406593","2025-06-23T04:40:22.000Z","0","Danantara Perkuat Pengelolaan Aset Negara https://t.co/zRkLS7hjqZ","1937007800070406593","https://pbs.twimg.com/media/GuGiU6raYAEokDm.jpg","","in","","0","0","0","https://x.com/allegory1318/status/1937007800070406593","1549650487573524481","allegory1318"
"1936958399583048081","2025-06-23T04:30:10.000Z","1","@zakiberkata Sekarang harus bener2 profit soalnya langsung disetor ke danantara 🗿","1937005235005964473","","zakiberkata","in","","0","0","0","https://x.com/eryaneriyan/status/1937005235005964473","1610867412777189377","eryaneriyan"
"1937005100058489107","2025-06-23T04:29:38.000Z","0","Sbg leading sektor usaha negara utk devisa &amp; mnaikan PDB, BUMN wajib dikelola dgn profesional tnpa intervensi politik dgn mggunakn manajemen ramping struktur kaya fungsi agar efektif &amp; efisien
Selain mangkas cucu &amp; anak perushaan jg batasilah jml komisaris
https://t.co/HtK8PpbHJD","1937005100058489107","","","in","","0","0","0","https://x.com/roedh251179/status/1937005100058489107","1758140030567251968","roedh251179"
"1937004766791704810","2025-06-23T04:28:18.000Z","0","Danantara jadi simbol Indonesia siap bersaing secara digital di panggung global. Diplomasi Prabowo bukan basa-basi!
#PrabowoDiSPIEF2025
Arah Baru Diplomasi Indonesia https://t.co/bxvpPby6aR","1937004766791704810","https://pbs.twimg.com/media/GuGfkaPWsAAWQe_.jpg","","in","","0","0","0","https://x.com/h4h4hi/status/1937004766791704810","1926477213471256577","h4h4hi"
"1937002277220634985","2025-06-23T04:18:25.000Z","0","Presiden Prabowo Subianto menunjukkan wajah netral dan progresif di SPIEF 2025! Dengan Danantara, Indonesia siap menghadapi era transformasi teknologi global. #PrabowoDiSPIEF2025 Arah Baru Diplomasi Indonesia https://t.co/hupZoyg2mg","1937002277220634985","https://pbs.twimg.com/media/GuGdR1yXQAAN5L1.jpg","","in","","0","0","0","https://x.com/Kayla1863_/status/1937002277220634985","1453222255765377029","Kayla1863_"
"1937001113716420616","2025-06-23T04:13:47.000Z","0","Ahilah udh mana negara korup, dipake danantara mbg kaga jelas, sekola susah, rumah susah, sembako mahal, yg miskin gabole sakit. Nah sekarang gituan bakalan berdampak ke inflasi rupee, eh rupiyahh. Pasti naik jor2an ini","1937001113716420616","","","in","","0","0","0","https://x.com/annmnida/status/1937001113716420616","796221768","annmnida"
"1937000030973661636","2025-06-23T04:09:29.000Z","0","Arah Baru Diplomasi Indonesia yang tetap proaktif dalam mendukung stabilitas global

#PrabowoDiSPIEF2025
https://t.co/YdGDpAhpj0 https://t.co/LUhfJdDD4Z","1937000030973661636","https://pbs.twimg.com/media/GuGbQx0WwAAJX-7.jpg","","in","","0","0","0","https://x.com/bobbysukjatra/status/1937000030973661636","1599739097504808960","bobbysukjatra"
"1936999840413872365","2025-06-23T04:08:44.000Z","0","presiden prabowo tegaskan komitmen pada prinsip Non blok, 
langkah yang tepat
Arah Baru Diplomasi Indonesia
#PrabowoDiSPIEF2025
https://t.co/Irb4HZ0G2O https://t.co/7Qkr2nlkJs","1936999840413872365","https://pbs.twimg.com/media/GuGbFt3WkAATBHi.jpg","","in","","0","0","0","https://x.com/Yamnikayut/status/1936999840413872365","787980126478708738","Yamnikayut"
"1936999039729631702","2025-06-23T04:05:33.000Z","0","Melalui kolaborasi jangka panjang Indonesia akan akan fokus pada investasi produktif,penguatan UMKM dan pengurangan ketimpangan global  #PrabowoDiSPIEF2025
Arah Baru Diplomasi Indonesia
https://t.co/kyMe5eo4Sj https://t.co/H1ku1EDy7q","1936999039729631702","https://pbs.twimg.com/media/GuGaXGbXAAA_v2I.jpg","","in","","0","0","0","https://x.com/1004Mirna/status/1936999039729631702","1798179066773958656","1004Mirna"
"1936999018829361171","2025-06-23T04:05:28.000Z","0","Presiden prabowo menekankan pentingnya diplomasi damai sebagai ciri khas pendekatan luar negeri indonesia https://t.co/0NkW8rtvGn #PrabowoDiSPIEF2025
Arah Baru Diplomasi Indonesia https://t.co/wE2w2XuolY","1936999018829361171","https://pbs.twimg.com/media/GuGaVRtWcAUM-q0.jpg","","in","","0","0","0","https://x.com/jjjjjjjjsj/status/1936999018829361171","620931453","jjjjjjjjsj"
"1936998995534209109","2025-06-23T04:05:22.000Z","0","Prabowo menilai bahwa forum ini merupakan ruang pertemuan yg strategis, di mana negara-negara dari Barat, Timur, dapat membangun kepercayaan dan kerja sama yg saling menguntungkan.
#PrabowoDiSPIEF2025
Arah Baru Diplomasi Indonesia
https://t.co/eAypywN6Eu https://t.co/D0MAvQ7REj","1936998995534209109","https://pbs.twimg.com/media/GuGaUfwagAAriTw.jpg","","in","","0","0","0","https://x.com/yhwa4006/status/1936998995534209109","1744209464172199936","yhwa4006"
"1936998941326995599","2025-06-23T04:05:09.000Z","0","Danantara langkah menuju aset berdaulat. https://t.co/N4KRrixxTl","1936998941326995599","https://pbs.twimg.com/media/GuGaRXYWcAEQzb-.jpg","","in","","0","0","0","https://x.com/WaneyToto/status/1936998941326995599","1697078751002316800","WaneyToto"
"1936998635222507717","2025-06-23T04:03:56.000Z","0","Danantara menjadi langkah besar dalam menciptakan sistem manajemen aset yang lebih transparan, efisien, dan berdampak bagi pembangunan nasional. https://t.co/tzVTwcsh4W","1936998635222507717","https://pbs.twimg.com/media/GuGZ_L5XkAAIJKR.jpg","","in","","0","0","0","https://x.com/WaneyToto/status/1936998635222507717","1697078751002316800","WaneyToto"
"1936998391655055807","2025-06-23T04:02:58.000Z","0","menjaga independen kebijakan luar negeri adalah adalah kunci stabilitas nasional dan perdamaian dunia #PrabowoDiSPIEF2025
Arah Baru Diplomasi Indonesia
https://t.co/JfD8ksJhe0 https://t.co/bj9MPp9swA","1936998391655055807","https://pbs.twimg.com/media/GuGZxX-XgAAqBbA.jpg","","in","","0","0","0","https://x.com/Mimin12131/status/1936998391655055807","1758466592671981568","Mimin12131"
"1936998001450631584","2025-06-23T04:01:25.000Z","0","Prabowo memperkenalkan danantara sebagai simbol inovasi digital Indonesia ke panggung internasional #PrabowoDiSPIEF2025
Arah Baru Diplomasi Indonesia https://t.co/OVfVhzHsiG","1936998001450631584","https://pbs.twimg.com/media/GuGZaZUXMAA2P7d.jpg","","in","","0","0","0","https://x.com/licasofi/status/1936998001450631584","1904395911335387136","licasofi"
"1936997945544679731","2025-06-23T04:01:12.000Z","0","Pak Prabowo menyatakan Prinsip non blok adalah komitmen Indonesia #PrabowoDiSPIEF2025
Arah Baru Diplomasi Indonesia
https://t.co/sSENObjMZv https://t.co/UgbqdW7Eva","1936997945544679731","https://pbs.twimg.com/media/GuGZXaraIAA58Ye.jpg","","in","","0","0","0","https://x.com/s9680433/status/1936997945544679731","1611852615368978432","s9680433"
"1936997573774176426","2025-06-23T03:59:43.000Z","0","Presiden Prabowo menyatakan Indonesia akan terus mempromosikan penyelesaian konflik antar negara #PrabowoDiSPIEF2025
Arah Baru Diplomasi Indonesia
https://t.co/CMJ5KjYBH0 https://t.co/5tIM1agyTx","1936997573774176426","https://pbs.twimg.com/media/GuGZBysXIAApxWu.jpg","","in","","0","0","0","https://x.com/morm1815/status/1936997573774176426","1796453529294622720","morm1815"
"1936997427728523361","2025-06-23T03:59:36.000Z","0","Danantara Indonesia hadir untuk memperkuat perekonomian nasional, meningkatkan kesejahteraan rakyat, dan menjaga kedaulatan ekonomi melalui pengelolaan aset negara yang efisien dan optimal.

#EkonomiBerkedaulatan #AsetUntukRakyat #DanantaraUntukIndonesia https://t.co/5FBKcqu2Nv","1936997541595566483","https://pbs.twimg.com/media/GuGY_PgWUAAGK1j.jpg","MAKsahang","in","","0","0","0","https://x.com/MAKsahang/status/1936997541595566483","1603264295051022336","MAKsahang"
"1936997427728523361","2025-06-23T03:59:30.000Z","0","Danantara Indonesia hadir untuk memperkuat perekonomian nasional, meningkatkan kesejahteraan rakyat, dan menjaga kedaulatan ekonomi melalui pengelolaan aset negara yang efisien dan optimal.

#EkonomiBerkedaulatan #AsetUntukRakyat #DanantaraUntukIndonesia https://t.co/MUAIRK4tIg","1936997515846635639","https://pbs.twimg.com/media/GuGY9jabcAA0Ugi.jpg","MAKsahang","in","","0","1","0","https://x.com/MAKsahang/status/1936997515846635639","1603264295051022336","MAKsahang"
"1936997427728523361","2025-06-23T03:59:23.000Z","0","Danantara Indonesia hadir untuk memperkuat perekonomian nasional, meningkatkan kesejahteraan rakyat, dan menjaga kedaulatan ekonomi melalui pengelolaan aset negara yang efisien dan optimal.

#EkonomiBerkedaulatan #AsetUntukRakyat #DanantaraUntukIndonesia https://t.co/CG7wiASUSl","1936997486201286958","https://pbs.twimg.com/media/GuGY76paIAAULo3.jpg","MAKsahang","in","","0","1","0","https://x.com/MAKsahang/status/1936997486201286958","1603264295051022336","MAKsahang"
"1936997474931236979","2025-06-23T03:59:20.000Z","0","Ini adalah langkah bagus, dengan ini Indonesia tidak akan terjebak dengan kekuatan global manapun
https://t.co/CKf13GPRfI
#PrabowoDiSPIEF2025
Arah Baru Diplomasi Indonesia https://t.co/KigBES3aQV","1936997474931236979","https://pbs.twimg.com/media/GuGY8CIWsAAGQNi.jpg","","in","","0","0","0","https://x.com/blue_rosev12/status/1936997474931236979","1714676093041692673","blue_rosev12"
"1936997427728523361","2025-06-23T03:59:15.000Z","0","Danantara Indonesia hadir untuk memperkuat perekonomian nasional, meningkatkan kesejahteraan rakyat, dan menjaga kedaulatan ekonomi melalui pengelolaan aset negara yang efisien dan optimal.

#EkonomiBerkedaulatan #AsetUntukRakyat #DanantaraUntukIndonesia https://t.co/ok9GlmMb6m","1936997454278545793","https://pbs.twimg.com/media/GuGY6BhXoAEMCi3.jpg","MAKsahang","in","","0","1","0","https://x.com/MAKsahang/status/1936997454278545793","1603264295051022336","MAKsahang"
"1936997427728523361","2025-06-23T03:59:09.000Z","0","Danantara Indonesia hadir untuk memperkuat perekonomian nasional, meningkatkan kesejahteraan rakyat, dan menjaga kedaulatan ekonomi melalui pengelolaan aset negara yang efisien dan optimal.

#EkonomiBerkedaulatan #AsetUntukRakyat #DanantaraUntukIndonesia https://t.co/tLpJ1MvNHb","1936997427728523361","https://pbs.twimg.com/media/GuGY40LXMAAqmIc.jpg","","in","","0","1","0","https://x.com/MAKsahang/status/1936997427728523361","1603264295051022336","MAKsahang"
"1936997390709649905","2025-06-23T03:59:00.000Z","0","pertumbuhan ekonomi di nilai lebih penting dan semua di bangun atas dasar menghindari 
#PrabowoDiSPIEF2025
Arah Baru Diplomasi Indonesia
https://t.co/v0wbbF1yQL https://t.co/P8GbuASpal","1936997390709649905","https://pbs.twimg.com/media/GuGY2QtWUAAflAs.jpg","","in","","0","0","0","https://x.com/WhiteP30912/status/1936997390709649905","1884818536570425344","WhiteP30912"
"1936997340524810651","2025-06-23T03:58:48.000Z","1","Agenda Besar Danantara Bisa Terganggu Karena Penyimpangan, Tata Kelola PT Kai Logistik Harus Segera Dibenahi via @kedaipenacom https://t.co/abMm2b723S","1936997340524810651","","","in","","0","0","0","https://x.com/KedaiPenaCom/status/1936997340524810651","793719410275983361","KedaiPenaCom"
"1936997292634182072","2025-06-23T03:58:36.000Z","0","Presiden prabowo tegaskan Komitmen Indonesia pada prinsip non blok, 
langkah yang tepat 
Arah Baru Diplomasi Indonesia
#PrabowoDiSPIEF2025
https://t.co/96HlPd9TOH https://t.co/fCIAmdNoZQ","1936997292634182072","https://pbs.twimg.com/media/GuGYxbPWgAA-CpI.jpg","","in","","0","0","0","https://x.com/Derisanku/status/1936997292634182072","788826882888245249","Derisanku"
"1936997272572862655","2025-06-23T03:58:32.000Z","0","Presiden Prabowo juga menegaskan bahwa posisi Indonesia akan tetap netral
https://t.co/YhnnMyLQA6
#PrabowoDiSPIEF2025
Arah Baru Diplomasi Indonesia https://t.co/tNjxyGsKyi","1936997272572862655","https://pbs.twimg.com/media/GuGYwPybUAAVpfd.jpg","","in","","0","0","0","https://x.com/Lant_pinkt/status/1936997272572862655","1712512103377154048","Lant_pinkt"
"1936997071741137097","2025-06-23T03:57:44.000Z","0","meskipun tidak memihak tapi posisi Indonesia tetap proaktif mendukung stabilitas global #PrabowoDiSPIEF2025
Arah Baru Diplomasi Indonesia
https://t.co/M7CBaA0xiq https://t.co/scEwNJstEs","1936997071741137097","https://pbs.twimg.com/media/GuGYklBXYAAUDOz.jpg","","in","","0","0","0","https://x.com/Wusa690333/status/1936997071741137097","1724745275330478080","Wusa690333"
"1936997040376144166","2025-06-23T03:57:36.000Z","0","Ini adalah langkah yang baik dalam hal diplomasi yang diambil oleh presiden
https://t.co/mnpd8pcwbA
#PrabowoDiSPIEF2025
Arah Baru Diplomasi Indonesia https://t.co/e1xljKaxVL","1936997040376144166","https://pbs.twimg.com/media/GuGYixOXwAAsquL.jpg","","in","","0","0","0","https://x.com/ashshee_/status/1936997040376144166","1712510735585259523","ashshee_"
"1936997003319521733","2025-06-23T03:57:27.000Z","0","Di hadapan Presiden Putin, Prabowo perkenalkan Danantara sebagai simbol inovasi digital Indonesia ke panggung global.#PrabowoDiSPIEF2025
Arah Baru Diplomasi Indonesia
https://t.co/fZz4ANGkQx https://t.co/b6RizM2zL8","1936997003319521733","https://pbs.twimg.com/media/GuGYgNdXoAAkUA5.jpg","","in","","0","0","0","https://x.com/pinkyyygurl28/status/1936997003319521733","1590350698323247107","pinkyyygurl28"
"1936996932431520047","2025-06-23T03:57:11.000Z","0","Presiden menegaskan Indonesia akan tetap netral dan tidak berpihak ke negara manapun
https://t.co/Qxg4GoBpqc
#PrabowoDiSPIEF2025
Arah Baru Diplomasi Indonesia https://t.co/KFmDkcrPBd","1936996932431520047","https://pbs.twimg.com/media/GuGYceTXQAA0V7J.jpg","","in","","0","0","0","https://x.com/putria_dil/status/1936996932431520047","1638463575323996160","putria_dil"
"1936996754622423102","2025-06-23T03:56:28.000Z","0","Presiden Prabowo menegaskan Indonesia akan tetap mempertahankan diplomasi bebas aktif
https://t.co/7Xtcl9lPh9
#PrabowoDiSPIEF2025
Arah Baru Diplomasi Indonesia https://t.co/bJkjZIb9zY","1936996754622423102","https://pbs.twimg.com/media/GuGYSGZWMAARXlY.jpg","","in","","0","0","0","https://x.com/Sam_vald12/status/1936996754622423102","1636782836324900864","Sam_vald12"
"1936995737038193122","2025-06-23T03:52:26.000Z","1","Langkah besar dalam menciptakan sistem manajemen aset yang lebih transparan, efisien dan berdampak bagi pembangunan nasional salah satu tujuan danantara https://t.co/I1Sg23zDVu","1936995737038193122","https://pbs.twimg.com/media/GuGXWdqWwAA0I-C.jpg","","in","","0","0","0","https://x.com/anggi_onitu/status/1936995737038193122","481914186","anggi_onitu"
"1936993598152794525","2025-06-23T03:44:03.000Z","0","""(Danantara) terbuka untuk kerja sama strategis,"" imbuhnya.","1936993627550732461","","brokxoli","in","","0","1","0","https://x.com/brokxoli/status/1936993627550732461","163356517","brokxoli"
"1936993598152794525","2025-06-23T03:44:02.000Z","0","Pemerintah Indonesia kata Prabowo siap berkolaborasi dengan pihak manapun untuk masuk ke Danantara.","1936993625063506241","","brokxoli","in","","0","1","0","https://x.com/brokxoli/status/1936993625063506241","163356517","brokxoli"
"1936993598152794525","2025-06-23T03:44:01.000Z","0","Saya mendirikan Danantara untuk tujuan ini. Dalam beberapa tahun ke depan kita akan mengumpulkan dana untuk membela masa depan anak-anak kami dan tahun ini kami memiliki dana investasi sebesar US$ 18 miliar,"" ucapnya.","1936993622421016710","","brokxoli","in","","0","1","0","https://x.com/brokxoli/status/1936993622421016710","163356517","brokxoli"
"1936993598152794525","2025-06-23T03:44:01.000Z","0","""Saya juga membentuk sovereign wealth fund yang kami sebut Danantara, yang artinya energi masa depan Indonesia.","1936993619728318730","","brokxoli","in","","0","1","0","https://x.com/brokxoli/status/1936993619728318730","163356517","brokxoli"
"1936993598152794525","2025-06-23T03:44:00.000Z","0","Salah satu yang diungkap Prabowo dalam pidatonya adalah soal Danantara. Menurut Prabowo Danantara memiliki arti sebagai masa depan Indonesia yang memiliki aset dikelola sekitar US$ 1,000 miliar.","1936993617148842280","","brokxoli","in","","0","1","0","https://x.com/brokxoli/status/1936993617148842280","163356517","brokxoli"
"1936993598152794525","2025-06-23T03:43:56.000Z","0","Didengar Putin, Prabowo Perkenalkan Danantara di SPIEF 2025","1936993598152794525","","","in","","0","1","0","https://x.com/brokxoli/status/1936993598152794525","163356517","brokxoli"
"1936969981125956033","2025-06-23T03:43:18.000Z","0","@olieverra Program Danantara mendorong pengelolaan aset negara yang lebih produktif dan berkelanjutan—langkah strategis untuk memperkuat fondasi investasi masa depan Indonesia.","1936993440073753068","","olieverra","in","","0","0","0","https://x.com/nyai_bawi/status/1936993440073753068","1366903075890335744","nyai_bawi"
"1936957686677115269","2025-06-23T03:42:07.000Z","0","@DS_yantie minta disuntik danantara aja gimana ges?","1936993144400458211","","DS_yantie","in","","0","0","0","https://x.com/ikan154/status/1936993144400458211","1183196314319802368","ikan154"
"1936992448091467950","2025-06-23T03:39:21.000Z","0","Proyek bareng Danantara-Rusia ini bikin semua seru, makin optimis bareng Prabowo #DanantaraUntukNegeri https://t.co/E83wVyuna0","1936992448091467950","https://pbs.twimg.com/ext_tw_video_thumb/1936992322509479936/pu/img/IH0lnM6i7LnzjcbU.jpg","","in","","0","0","0","https://x.com/puti_fujiati/status/1936992448091467950","1703722614039203840","puti_fujiati"
"1936991074989514844","2025-06-23T03:33:54.000Z","0","Pengelolaan aset negara bukan sekadar angka—ini tentang kedaulatan. Danantara memastikan setiap aset memberi manfaat nyata bagi rakyat.
#DanantaraIndonesia #AsetBermakna https://t.co/dqJNNbfDy3","1936991074989514844","https://pbs.twimg.com/media/GuGTHi2XgAAD58Y.jpg","","in","","0","0","0","https://x.com/nyai_bawi/status/1936991074989514844","1366903075890335744","nyai_bawi"
"1936990977824280696","2025-06-23T03:33:31.000Z","0","Danantara hadir untuk memastikan aset negara dikelola secara efisien, transparan, dan berdampak nyata bagi pembangunan Indonesia.
#DanantaraIndonesia #AsetUntukBangsa https://t.co/GSMNk86bZO","1936990977824280696","https://pbs.twimg.com/media/GuGTB2LW8AAhn1v.jpg","","in","","0","0","0","https://x.com/nyai_bawi/status/1936990977824280696","1366903075890335744","nyai_bawi"
"1936990615134486876","2025-06-23T03:32:04.000Z","0","apa yg kira2 dibeli danantara pas serok bawah?","1936990615134486876","","","in","","1","0","1","https://x.com/Ichavarma_/status/1936990615134486876","1545271727521169411","Ichavarma_"
"1936973241048072248","2025-06-23T03:16:00.000Z","0","@drlynana bumn masuknya ke danantara🤯","1936986571724738951","","drlynana","in","","0","1","0","https://x.com/glorryies/status/1936986571724738951","1370974900471488513","glorryies"
"1936969981125956033","2025-06-23T03:12:52.000Z","0","@olieverra Dukung Program Danantara
#Danantara
#ManfaatDanantara
#DukungDanantara
#DanantaraIndonesia","1936985782268661990","","olieverra","in","","0","0","0","https://x.com/safiranijania/status/1936985782268661990","1583238702636990464","safiranijania"
"1936982994637697272","2025-06-23T03:01:47.000Z","2","Sam Presti cocok jd advisor Danantara. GOAT asset manager.","1936982994637697272","","","in","","0","0","0","https://x.com/gsidharta/status/1936982994637697272","102015279","gsidharta"
"1936969981125956033","2025-06-23T03:01:18.000Z","0","@olieverra Danantara menjaga aset negara","1936982872407355477","","olieverra","in","","0","0","0","https://x.com/matildapuutrii/status/1936982872407355477","1564541754946486277","matildapuutrii"
"1936980286560240102","2025-06-23T02:51:02.000Z","0","Sumber: https://t.co/GojVCUpQNr
 https://t.co/ZVW0eDYIH8

Dibagikan melalui Aplikasi Google","1936980286560240102","","","in","","0","0","0","https://x.com/ini_tukangojek/status/1936980286560240102","749968962717310977","ini_tukangojek"
"1936978532854587660","2025-06-23T02:44:04.000Z","0","Danantara melanjutkan pertumbuhan ekonomi berkelanjutan.
#Danantara #DanantaraUntukIndonesia #AsetNegara #IndonesiaMaju https://t.co/hz3v8RupYh","1936978532854587660","https://pbs.twimg.com/media/GuGHtKtawAANPPj.jpg","","in","","0","0","0","https://x.com/arifanisa13/status/1936978532854587660","1564542175278678016","arifanisa13"
"1936978506157801687","2025-06-23T02:43:57.000Z","0","mendorong pertumbuhan ekonomi berkelanjutan.
#Danantara #DanantaraUntukIndonesia #AsetNegara #IndonesiaMaju https://t.co/g8rpLgscAV","1936978506157801687","https://pbs.twimg.com/media/GuGHraNWIAAcKvV.jpg","","in","","0","0","0","https://x.com/arifanisa13/status/1936978506157801687","1564542175278678016","arifanisa13"
"1936976192961437758","2025-06-23T02:34:46.000Z","672","Ray Dalio gak mau gabung Danantara krn menurutnya itu SWF palsu &amp; asetnya gimik untuk dapatkan utangan baru.

Pemerintah Cina menggarisbawahi utang Cina 8.000 triliun. 

Pak Prabowo diberakin oleh presiden sebelumnya, Jokowi

#DeklarasiUsutIjazahJokowi 
#DeklarasiUsutIjazahJokowi https://t.co/ZYMgQiOUQ4","1936976192961437758","https://pbs.twimg.com/amplify_video_thumb/1936976121490542592/img/JGolqIVFDgLrhFsg.jpg","","in","","15","27","312","https://x.com/ArtaN7707/status/1936976192961437758","1604064608913723394","ArtaN7707"
"1936975726911316070","2025-06-23T02:32:57.000Z","1","Danantara tuk kelola investasi https://t.co/6u3mMfMmzP","1936975734515638533","https://pbs.twimg.com/media/GuGFKlyagAIIlQc.jpg","matildapuutrii","in","","0","0","0","https://x.com/matildapuutrii/status/1936975734515638533","1564541754946486277","matildapuutrii"
"1936975726911316070","2025-06-23T02:32:55.000Z","1","Danantara menjaga aset negara https://t.co/hLzkRjq7Kf","1936975726911316070","https://pbs.twimg.com/media/GuGFKCGaIAAG98o.jpg","","in","","0","1","0","https://x.com/matildapuutrii/status/1936975726911316070","1564541754946486277","matildapuutrii"
"1936975439551205738","2025-06-23T02:31:46.000Z","0","Danantara Bakal Biayai Proyek DME Batu Bara https://t.co/8WR7ghiC0K","1936975439551205738","","","in","","0","0","0","https://x.com/DodiJusra/status/1936975439551205738","2728984603","DodiJusra"
"1936970790450434186","2025-06-23T02:30:36.000Z","0","@KangManto123 Mending pinjam danantara","1936975143634632812","","KangManto123","in","","0","1","0","https://x.com/tujianto_80/status/1936975143634632812","2952145932","tujianto_80"
"1936974970867048875","2025-06-23T02:29:58.000Z","1","Kawal dan Sukseskan Program Danantara https://t.co/W6zROMAgli","1936974983659720867","https://pbs.twimg.com/media/GuGEex_XgAAoyhM.jpg","kecilamat12","in","","0","0","0","https://x.com/kecilamat12/status/1936974983659720867","1720963990455812096","kecilamat12"
"1936974970867048875","2025-06-23T02:29:54.000Z","1","Dukung Program Danantara https://t.co/nLyBXlwz0Z","1936974970867048875","https://pbs.twimg.com/media/GuGEeEUWkAAdXLj.jpg","","in","","0","1","0","https://x.com/kecilamat12/status/1936974970867048875","1720963990455812096","kecilamat12"
"1936973782792732848","2025-06-23T02:25:17.000Z","0","Dalam hal ini juga, Presiden Prabowo sangat serius dalam mengembangkan investasi dalam negeri dibuktikan dengan didrikannya Danantara sebagai badan investasi nasional yang diharapkan mampu mendongkrak pertumbuhan ekonomi.","1936973805127450708","","dimas_satura","in","","0","1","0","https://x.com/dimas_satura/status/1936973805127450708","1622939323036475393","dimas_satura"
"1936973241048072248","2025-06-23T02:23:02.000Z","2","INI MAKSUDNYA TITLE BUMN DI ILANGIN DI GANTI DANANTARA INDONESIA APA BJIL 😭😭😭😭😭😭😭😭","1936973241048072248","","","in","","0","1","0","https://x.com/drlynana/status/1936973241048072248","1186143907446321152","drlynana"
"1935961847355838806","2025-06-23T02:14:04.000Z","0","@Stef_Rud @PaltiWest Kamu termasuk tolol ga @Stef_Rud??? Gini yaaa :
1. Ybs itu menjabat 2 periode dpt fasilitas dari negara bukan? ( Pejabat publik/skrg mantan)
2. Kalau ga salah dia d jajaran danantara skrg bukan?
Salah kalau d minta publik utk ke aslian dokumen???","1936970986345361721","","Stef_Rud","in","","0","0","0","https://x.com/AdapSaya/status/1936970986345361721","1630442579425923072","AdapSaya"
"1936969387350900976","2025-06-23T02:07:43.000Z","2","Masih ada kasus tambang Raja Ampat, Danantara, dwifungsi TNI, dan efek merugikan dari efisiensi anggaran demi alokasi anggaran untuk MBG.","1936969387350900976","","","in","","0","0","0","https://x.com/RayaLegawa/status/1936969387350900976","1746181800320258048","RayaLegawa"
"1936968237939646858","2025-06-23T02:03:14.000Z","0","Dalam hal ini juga, Presiden Prabowo sangat serius dalam mengembangkan investasi dalam negeri dibuktikan dengan didrikannya Danantara sebagai badan investasi nasional yang diharapkan mampu mendongkrak pertumbuhan ekonomi.","1936968259049583012","","Muhamma48288841","in","","0","1","0","https://x.com/Muhamma48288841/status/1936968259049583012","1598275455278551041","Muhamma48288841"
"1936965993160683825","2025-06-23T01:54:14.000Z","0","BUMN Perumahan Danantara solusi percepatan Tiga Juta Rumah. https://t.co/A9iSSeMlwV","1936965993160683825","https://pbs.twimg.com/media/GuF8TM-WIAAY5Z6.jpg","","in","","0","0","0","https://x.com/GorontaloNews1/status/1936965993160683825","1458957413764141072","GorontaloNews1"
"1936964973940687078","2025-06-23T01:50:11.000Z","0","Danantara siap menarik investasi asing ke sektor strategis https://t.co/IoVCRMNDbB","1936964973940687078","https://pbs.twimg.com/media/GuF7YMsWUAAIjKH.jpg","","in","","0","0","0","https://x.com/ruslanhadib/status/1936964973940687078","1581286714521268226","ruslanhadib"
"1936964783934456034","2025-06-23T01:49:26.000Z","0","anying jadi pagawe danantara","1936964783934456034","","","in","","0","1","0","https://x.com/fikrigiovani/status/1936964783934456034","2275680974","fikrigiovani"
"1936964368559931465","2025-06-23T01:47:47.000Z","0","COO Danantara Sentil Pejabat BUMN, Jangan Main Golf di Weekday Hingga Istri Ikut Campur Kantor - Holopis https://t.co/CUSOesWlpR","1936964368559931465","","","in","","0","0","0","https://x.com/holopiscom/status/1936964368559931465","1366400664960573441","holopiscom"
"1936908927872258132","2025-06-23T01:41:25.000Z","0","@alisyarief Ini sangat bermanfaat bila @pln_123 mempelajari dan bila bisa mengembangkan teknologi seperti ini. Hemat biaya, ramah lingkungan dan tdk menimbulkan gejolak dilingkungan.
Bapak Presiden @prabowo bisa meminta @Danantara_ri utk mengkaji investasi dibidang ini.","1936962769477398724","","alisyarief","in","","0","0","0","https://x.com/Nicke9662734599/status/1936962769477398724","1704371657690013696","Nicke9662734599"
"1936960701224104096","2025-06-23T01:33:12.000Z","0","Danantara percaya bahwa ekonomi Indonesia kuat jika brand lokal berkembang.
#PertumbuhanEkonomi #DanantaraIndonesia #BisnisLokalHebat https://t.co/AuUMZYXsrd","1936960701224104096","https://pbs.twimg.com/media/GuF3csgXgAA_bx0.jpg","","in","","0","0","0","https://x.com/KhairulAnw59488/status/1936960701224104096","1890664913712152576","KhairulAnw59488"
"1936784372600127832","2025-06-23T01:31:05.000Z","0","@withkore iya anjir kaget juga ini wkwkwk udah ga ada bumn akhlaknya tp danantara","1936960167247266007","","withkore","in","","0","0","0","https://x.com/dioalfptr/status/1936960167247266007","99088926","dioalfptr"
"1936948569270854099","2025-06-23T01:27:41.000Z","0","@democrazymedia Krn doi sakit
Byk proyek terbengkalai 👇

1. stop main Presiden2an
2. stop proyek Pagar laut
3. stop proyek IKN
4. stop jdi petugas DANANTARA
5. stop jdi KETUM PSI
6. stop selfy dgn Agun
7. stop mengkriminalisasi
8. stop wisata di rumahnya

nti upacara 17 an doi ikut ngak","1936959310728425697","","democrazymedia","in","","0","0","0","https://x.com/RWati65/status/1936959310728425697","1484472727142486019","RWati65"
"1936040327183528426","2025-06-23T01:26:57.000Z","0","@NusantaraHukum Dengan adanya danantara juga Pak Prabowo.. Indonesia akan lebih maju menurunkan angka kemiskinan di Indonesia","1936959125491241153","","NusantaraHukum","in","","0","0","0","https://x.com/Flo_Christyn95/status/1936959125491241153","1606809859072348160","Flo_Christyn95"
"1936040054167945561","2025-06-23T01:26:29.000Z","0","@NusantaraHukum Mudah-mudahan dengan adanya Danantara ini Indonesia bisa lebih maju","1936959009711669633","","NusantaraHukum","in","","0","0","0","https://x.com/Flo_Christyn95/status/1936959009711669633","1606809859072348160","Flo_Christyn95"
"1936040327183528426","2025-06-23T01:24:40.000Z","0","@NusantaraHukum Masih belom banyak yg paham Danantara jadinya salah paham","1936958553916620850","","NusantaraHukum","in","","0","0","0","https://x.com/FarisAhmadDoni1/status/1936958553916620850","1509378589916991488","FarisAhmadDoni1"
"1936040168735338654","2025-06-23T01:24:32.000Z","0","@NusantaraHukum Gue yakin sama danantara, gue percaya sama pak prabowo, gue percaya Indonesia bisa maju","1936958519380681148","","NusantaraHukum","in","","0","0","0","https://x.com/FarisAhmadDoni1/status/1936958519380681148","1509378589916991488","FarisAhmadDoni1"
"1936954861066895709","2025-06-23T01:10:00.000Z","0","Terungkap! COO Danantara, Dony Oskara Bongkar Modus Direksi BUMN Dapat Bonus Tinggi

https://t.co/pa9e2iyFni","1936954861066895709","","","in","","0","0","0","https://x.com/radaraktual/status/1936954861066895709","853782937782714368","radaraktual"
"1936951013531124081","2025-06-23T00:54:43.000Z","5","Danantara Mulai Lirik Proyek Strategis, TPIA hingga BKSL

https://t.co/h4PooFzUOP","1936951013531124081","","","in","","0","1","3","https://x.com/BloombergTZ/status/1936951013531124081","1582972008479920129","BloombergTZ"
"1936944845039231229","2025-06-23T00:30:12.000Z","0","Danantara Indonesia and RDIF to launch $2.3B Indonesia-Russia investment platform #danantaraindonesia #rdif https://t.co/DkTo4z27dp https://t.co/sRBjBnshKw","1936944845039231229","https://pbs.twimg.com/media/GuFpEk6WkAAo6U8.jpg","","in","","0","0","0","https://x.com/TechNodeGlobal/status/1936944845039231229","1242731774406320128","TechNodeGlobal"
"1936942944042512733","2025-06-23T00:22:39.000Z","0","BPI Danantara Bakal Pangkas 888 Induk-Cucu BUMN Jadi Hanya 200 Perusahaan

https://t.co/WxlOFZOZ2F","1936942944042512733","","","in","","0","0","0","https://x.com/radaraktual/status/1936942944042512733","853782937782714368","radaraktual"
"1935930243136864314","2025-06-22T23:37:46.000Z","0","@Aldo_regi15 @MPN_Indonesia Ya boleh dong, kan sekarang saham bumn dimiliki oleh Danantara.","1936931648647598565","","Aldo_regi15","in","","0","0","0","https://x.com/ValeValvuela/status/1936931648647598565","148985134","ValeValvuela"
"1936232897717129571","2025-06-22T23:12:54.000Z","0","@PNS_Ababil Dari pernyataam pak Donny, mdh2n aja BUMN lebih baik lagi bila dipegang Danantara, soalnya selama dipegang Kemen BUMN, hopeless kita. Dibuat bancakan, dibuat balas jasa, dibuat semaunya menterinya.","1936925391924687305","","PNS_Ababil","in","","0","0","0","https://x.com/yesmar_banu/status/1936925391924687305","85495565","yesmar_banu"
"1936910936364957699","2025-06-22T22:15:27.000Z","0","Ini tak boleh dibiarkan, netizen harus melawan bila msh ingin negara ini tidak semakin hancur.
Pantas aja mrk tidak menghendaki penyelidikan Danantara hrs persetujuan dewan. https://t.co/1gUnMHAmyD","1936910936364957699","https://pbs.twimg.com/media/GuFKO1WX0AArCrS.jpg","","in","","0","0","1","https://x.com/Pasgor_16b/status/1936910936364957699","1695445386725597184","Pasgor_16b"
"1936060215906255287","2025-06-22T21:36:59.000Z","0","@tempodotco Mulai ketahuan tuh jurus DANANTARA. Garuda itu gak perlu suntikan dana, yg perlu disana kejujuran pengelola. 

Terapkan pengawasan yg ketat, berikan sanksi yg berat bila terbukti ada pidana.
Selesai ... hanya itu tok de tok","1936901254388875767","","tempodotco","in","","0","0","0","https://x.com/Pasgor_16b/status/1936901254388875767","1695445386725597184","Pasgor_16b"
"1936892175754911948","2025-06-22T21:00:55.000Z","0","Danantara mendorong peningkatan kualitas pengelolaan aset negara melalui tata kelola yang profesional, transparan, dan berorientasi jangka panjang.
-
#Danantara #DanantaraUntukIndonesia #AsetNegara #IndonesiaMaju https://t.co/50Dmj97cVM","1936892175754911948","https://pbs.twimg.com/media/GuE5EL0WYAA-xvj.jpg","","in","","0","1","0","https://x.com/GrizelleJovank4/status/1936892175754911948","1413438936425242624","GrizelleJovank4"
"1936867031175061939","2025-06-22T19:21:00.000Z","0","Itu si ascensio paketin aj dh ke mampang. Tangannya iket, dri kmaren narik badan lawan mlu. Kmren penalty Skrang red card. Bukannya narik danantara aja","1936867031175061939","","","in","","0","0","0","https://x.com/rgb_phenomeno/status/1936867031175061939","1351114874978500609","rgb_phenomeno"
"1936839098121302409","2025-06-22T17:30:00.000Z","0","KAI Logistik dukung konsolidasi BUMN logistik diinisiasi Danantara
https://t.co/M9DWMmeGIp","1936839098121302409","","","in","","0","0","0","https://x.com/RadioElshinta/status/1936839098121302409","121640063","RadioElshinta"
"1936821427484889487","2025-06-22T16:19:47.000Z","5","HENTIKAN MBG DANANTARA DAN EFISIENSI INI PLISSS INI UDAH MAU PERANG TOLONGGGG","1936821427484889487","","","in","","0","0","2","https://x.com/serifruitiy/status/1936821427484889487","844301765826691072","serifruitiy"
"1936819831766171787","2025-06-22T16:13:26.000Z","0","Danantara meningkatkan kualitas pengelolaan aset negara dengan tata kelola profesional dan transparan, demi pertumbuhan ekonomi berkelanjutan.
#Danantara #DanantaraUntukIndonesia #AsetNegara #IndonesiaMaju https://t.co/oVgjedg9vd","1936819831766171787","https://pbs.twimg.com/media/GuD3XOGXYAAq5G3.jpg","","in","","0","0","0","https://x.com/Tivannni/status/1936819831766171787","1686276192352272384","Tivannni"
"1936819814250713207","2025-06-22T16:13:22.000Z","0","Peningkatan kualitas aset negara dilakukan melalui sistem pengelolaan modern dan akuntabel. Danantara hadir sebagai penggerak utama.
#Danantara #DanantaraUntukIndonesia #AsetNegara #IndonesiaMaju https://t.co/cbr5mwOyb4","1936819814250713207","https://pbs.twimg.com/media/GuD3WjjWwAADZ91.jpg","","in","","0","0","0","https://x.com/Tivannni/status/1936819814250713207","1686276192352272384","Tivannni"
"1936813200584110555","2025-06-22T15:47:05.000Z","0","Cuk sumpah nggilani. Jijik

Sek akeh seng iso di bahas lo sajane,
Gub vs jukir liar
Danantara
Gus gus an nambang
Geopolitik
Iran vs zionis
Dll","1936813200584110555","","","in","","0","1","0","https://x.com/fadilrijalarfas/status/1936813200584110555","74732948","fadilrijalarfas"
"1936811035933196399","2025-06-22T15:38:29.000Z","0","Danantara Tingkatkan Kualitas Pengelolaan Aset Negara https://t.co/MwHTb9uQYN","1936811035933196399","https://pbs.twimg.com/media/GuDvXawXgAApQez.jpg","","in","","0","0","0","https://x.com/RizkyPrat97/status/1936811035933196399","1576058730072133632","RizkyPrat97"
"1936810610999824396","2025-06-22T15:36:50.000Z","0","Danantara mendorong peningkatan kualitas pengelolaan aset negara melalui tata kelola yang profesional, transparan, dan berorientasi jangka panjang. https://t.co/61kjxPe4bT","1936810618725810571","https://pbs.twimg.com/media/GuDu_INaEAAZqYn.jpg","imey_mis","in","","0","0","0","https://x.com/imey_mis/status/1936810618725810571","779603065","imey_mis"
"1936809068162629647","2025-06-22T15:30:40.000Z","0","Danantara Tingkatkan Kualitas Pengelolaan Aset Negara. #Danantara #DanantaraUntukIndonesia #AsetNegara #IndonesiaMaju https://t.co/VF6RiVTRjv","1936809068162629647","https://pbs.twimg.com/media/GuDtlW_WEAAK89C.jpg","","in","","0","0","0","https://x.com/dinosartos/status/1936809068162629647","2506280550","dinosartos"
"1936808829284438515","2025-06-22T15:29:43.000Z","0","Danantara mendorong peningkatan kualitas pengelolaan aset negara melalui tata kelola yang profesional, transparan, dan berorientasi jangka panjang.
#Danantara #DanantaraUntukIndonesia #AsetNegara #IndonesiaMaju https://t.co/wMkHZKW9Eb","1936808829284438515","https://pbs.twimg.com/media/GuDtXawWMAAmJ-q.jpg","","in","","0","0","0","https://x.com/dinosartos/status/1936808829284438515","2506280550","dinosartos"
"1936804173238161834","2025-06-22T15:16:31.000Z","9","@ZakkiAmali Dan dia pakai Danantara sbg mesin putar duit untuk logistik 2029","1936805505005183192","","ZakkiAmali","in","","0","1","0","https://x.com/srpablo/status/1936805505005183192","160464450","srpablo"
"1936729663956566331","2025-06-22T15:07:11.000Z","67","@tanyarlfes Tetep ajah masih kalah kelas kalo dibanding jan ethes, bapaknya wakil presiden, kakeknya mantan presiden, om nya gubernur, om yang satu lagi ketum partai, bahkan kini kakeknya jadi penasihat danantara.","1936803156719259785","","tanyarlfes","in","","2","14","5","https://x.com/jue_viole213/status/1936803156719259785","1259564840009383936","jue_viole213"
"1936786811701088699","2025-06-22T15:05:10.000Z","0","@DS_yantie Solusinya AI, MBG, Danantara dan penulisan ulang sejarah negeri 👍💪","1936802650814832960","","DS_yantie","in","","0","0","0","https://x.com/wong_clayten/status/1936802650814832960","3139555602","wong_clayten"
"1936801176651264404","2025-06-22T14:59:19.000Z","1","Danantara Tingkatkan Kualitas Pengelolaan Aset Negara. 

#Danantara #DanantaraUntukIndonesia #AsetNegara #IndonesiaMaju https://t.co/32b0LhKtDM","1936801176651264404","https://pbs.twimg.com/media/GuDmZ9YWsAAorQc.jpg","","in","","0","1","0","https://x.com/LenaLilian42023/status/1936801176651264404","1703591783526174720","LenaLilian42023"
"1936795528601444477","2025-06-22T14:37:41.000Z","1","melalui tata kelola yang profesional, transparan, dan berorientasi jangka panjang.

#Danantara #DanantaraUntukIndonesia #AsetNegara #IndonesiaMaju https://t.co/0t4YWNvvZM","1936795734944489628","https://pbs.twimg.com/media/GuDhdMdWIAAwC3n.jpg","SutrisnoPratam5","in","","0","1","0","https://x.com/SutrisnoPratam5/status/1936795734944489628","1356833558040481793","SutrisnoPratam5"
"1936795528601444477","2025-06-22T14:37:19.000Z","1","Danantara mendorong peningkatan kualitas pengelolaan aset negara

#Danantara #DanantaraUntukIndonesia #AsetNegara #IndonesiaMaju https://t.co/XCk8kBPUg1","1936795642707530141","https://pbs.twimg.com/media/GuDhX3Ta8AAykox.jpg","SutrisnoPratam5","in","","0","1","0","https://x.com/SutrisnoPratam5/status/1936795642707530141","1356833558040481793","SutrisnoPratam5"
"1936794328816591140","2025-06-22T14:32:06.000Z","0","Dukung Danantara Indonesia #Danantara
 https://t.co/SKSpqBzUV3","1936794328816591140","","","in","","0","0","0","https://x.com/ud24185000/status/1936794328816591140","1661896883483316225","ud24185000"
"1936794131113935334","2025-06-22T14:31:19.000Z","0","Dukung Danantara Indonesia #Danantara
 https://t.co/qnn9whHyoq","1936794131113935334","","","in","","0","0","0","https://x.com/ud24185000/status/1936794131113935334","1661896883483316225","ud24185000"
"1936793918567567396","2025-06-22T14:30:28.000Z","1","Dunia mau perang dunia ketiga tapi Wowo masih MBG MBG Danantara Danantara, ga ada statement yg adem apa ya dari dia. Menlu skill issue, dubes AS udh lama kosong. Capek gua liatnya 😭😭😭","1936793918567567396","","","in","","0","0","0","https://x.com/movingcountries/status/1936793918567567396","1794150844063186944","movingcountries"
"1936791785050980452","2025-06-22T14:22:24.000Z","1","Danantara mendorong peningkatan kualitas pengelolaan aset negara
#Danantara #DanantaraUntukIndonesia #AsetNegara #IndonesiaMaju https://t.co/zfRHszSIsU","1936791885718380923","https://pbs.twimg.com/media/GuDd9H-WwAAOizU.jpg","pumopumi1","in","","0","0","0","https://x.com/pumopumi1/status/1936791885718380923","1566457067212513280","pumopumi1"
"1936791486844358880","2025-06-22T14:21:29.000Z","1","Danantara mendorong peningkatan kualitas pengelolaan aset negara
#Danantara #DanantaraUntukIndonesia #AsetNegara #IndonesiaMaju https://t.co/ta81Cj7Mev","1936791656596230211","https://pbs.twimg.com/media/GuDdv1jaEAA0rtv.jpg","derryakbr","in","","0","0","0","https://x.com/derryakbr/status/1936791656596230211","1564385765773021185","derryakbr"
"1936791593899700538","2025-06-22T14:21:14.000Z","0","Dananatara Langkah Menuju Aset Berdaulat

#Danantara #DanantaraUntukIndonesia #AsetNegara #IndonesiaMaju https://t.co/pIv17qgu32","1936791593899700538","https://pbs.twimg.com/media/GuDdsJ4XAAAVnd0.jpg","","in","","0","0","0","https://x.com/Monalisa131813/status/1936791593899700538","1549653544927887360","Monalisa131813"
"1936791525708755442","2025-06-22T14:20:58.000Z","0","Danantara Menjadi Langkah Besar dalam menciptakan sistem manjemen aset yang lebih Transparan, Efisien dan Berdampak Bagi Pembagunan Nasional

#Danantara #DanantaraUntukIndonesia #AsetNegara #IndonesiaMaju https://t.co/oCVZeGsomN","1936791525708755442","https://pbs.twimg.com/media/GuDdoIOWsAAmyDd.jpg","","in","","0","0","0","https://x.com/Monalisa131813/status/1936791525708755442","1549653544927887360","Monalisa131813"
"1936791490329788667","2025-06-22T14:20:49.000Z","0","Danantara Indonesia Memperkuat Ekosistem Pembangunan Sektor Strategis

#Danantara #DanantaraUntukIndonesia #AsetNegara #IndonesiaMaju https://t.co/U3CiGzEzVN","1936791490329788667","https://pbs.twimg.com/media/GuDdmJlWMAAfKax.jpg","","in","","0","0","0","https://x.com/Monalisa131813/status/1936791490329788667","1549653544927887360","Monalisa131813"
"1936791374923546972","2025-06-22T14:20:22.000Z","0","Dengan Danantara, aset negara dikelola lebih optimal dan berkelanjutan. Investasi hari ini, kesejahteraan rakyat esok hari!
#Danantara #IndonesiaMaju #AsetNegara https://t.co/WCSaNUeHAT","1936791374923546972","https://pbs.twimg.com/media/GuDdfD7WUAAUPrx.jpg","","in","","0","0","0","https://x.com/dndfnt/status/1936791374923546972","1862733525700542464","dndfnt"
"1936791152377946360","2025-06-22T14:19:29.000Z","0","Dananatara Langkah Menuju Aset Berdaulat

#Danantara #DanantaraUntukIndonesia #AsetNegara #IndonesiaMaju https://t.co/HDxammtQNU","1936791152377946360","https://pbs.twimg.com/media/GuDdSdyWQAAblii.jpg","","in","","0","0","0","https://x.com/allegory1318/status/1936791152377946360","1549650487573524481","allegory1318"
"1936791088401912240","2025-06-22T14:19:13.000Z","0","Danantara Indonesia menguatkan ekosistem pembangunan strategis untuk meningkatkan daya saing dan kesejahteraan nasional melalui inovasi dan kolaborasi #Danantara https://t.co/GohsdPnX9N","1936791088401912240","https://pbs.twimg.com/media/GuDdOwwWwAAua0r.jpg","","in","","0","0","0","https://x.com/ravidnath/status/1936791088401912240","1366085646","ravidnath"
"1936790969665417371","2025-06-22T14:18:45.000Z","0","Danantara hadir sebagai langkah besar dalam menciptakan sistem manajemen aset yang lebih transparan dan efisien, berkontribusi bagi pembangunan nasional #Danantara https://t.co/YvkKj6ExTD","1936790969665417371","https://pbs.twimg.com/media/GuDdH3lWwAAWAEm.jpg","","in","","0","0","0","https://x.com/ravidnath/status/1936790969665417371","1366085646","ravidnath"
"1936790897569796125","2025-06-22T14:18:28.000Z","0","Danantara Menjadi Langkah Besar dalam menciptakan sistem manjemen aset yang lebih Transparan, Efisien dan Berdampak Bagi Pembagunan Nasional

#Danantara #DanantaraUntukIndonesia #AsetNegara #IndonesiaMaju https://t.co/MPf4f6cO4b","1936790897569796125","https://pbs.twimg.com/media/GuDdDkyXkAAEhYX.jpg","","in","","0","0","0","https://x.com/allegory1318/status/1936790897569796125","1549650487573524481","allegory1318"
"1936790410074198315","2025-06-22T14:16:32.000Z","0","Danantara Indonesia Memperkuat Ekosistem Pembangunan Sektor Strategis

#Danantara #DanantaraUntukIndonesia #AsetNegara #IndonesiaMaju https://t.co/G2SlfA3tGy","1936790410074198315","https://pbs.twimg.com/media/GuDcnKoXcAECzkt.jpg","","in","","0","0","0","https://x.com/allegory1318/status/1936790410074198315","1549650487573524481","allegory1318"
"1936789892169629993","2025-06-22T14:14:28.000Z","1","Danantara profesional, transparan, dan berorientasi jangka panjang.

#Danantara #DanantaraUntukIndonesia #AsetNegara #IndonesiaMaju https://t.co/1IbBcpSoug","1936789892169629993","https://pbs.twimg.com/media/GuDcJF7XEAAEnuD.jpg","","in","","0","0","0","https://x.com/restifuzy/status/1936789892169629993","714232837","restifuzy"
"1936789705535664132","2025-06-22T14:13:44.000Z","1","Danantara mendorong peningkatan kualitas pengelolaan aset negara melalui tata kelola yang profesional, transparan, dan berorientasi jangka panjang.

#Danantara #DanantaraUntukIndonesia #AsetNegara #IndonesiaMaju https://t.co/iP3AtSalf6","1936789705535664132","https://pbs.twimg.com/media/GuDb-SIWgAAzJkH.jpg","","in","","0","0","0","https://x.com/restifuzy/status/1936789705535664132","714232837","restifuzy"
"1936779560428920988","2025-06-22T13:41:10.000Z","1104","@dinopattidjalal @prabowo Pejabat saking sibuknya mengurus proyek-proyek yg sangat basah seperti danantara &amp; rangkap jabatan bumn, sampai jabatan prestisius spt dubes Amerika &amp; PBB tidak sempat dilirik. Ekonomi sedang sulit,pejabat perlu tambahan income miliaran,mohon dimengerti","1936781510457356503","","dinopattidjalal","in","","1","4","66","https://x.com/rinaldialamsya5/status/1936781510457356503","1097260828657504256","rinaldialamsya5"
